{
"type": "FeatureCollection",
"name": "districts_full",
"crs": { "type": "name", "properties": { "name": "urn:ogc:def:crs:OGC:1.3:CRS84" } },
"features": [
{ "type": "Feature", "properties": { "district_key": "ABBOTTABAD DISTRICT", "area_sqkm": 1967, "census_population_2017": 1333089, "u5mr_posterior_mean": 33.373, "u5mr_ci_lower95": 8.37, "u5mr_ci_upper95": 82.156, "u5mr_posterior_sd": 19.646, "province": "Khyber Pakhtunkhwa", "had_direct_data": true, "n_births_direct": 401, "ci_width": 73.786, "run_mode": "normal", "model_version": "hazard_v1_censoring_corrected", "population_2017": 1333089, "remoteness_proxy": 0.459, "norm_mortality_risk": 0.083, "norm_uncertainty": 0.16, "norm_geographic_accessibility_proxy": 0.459, "norm_population": 0.118, "priority_score": 0.185, "rank": 105, "relative_uncertainty": 2.211, "literacy_rate_pct": 76.201, "improved_water_pct": 64.197, "improved_sanitation_pct": 46.683, "deprivation_index": 0.408, "under5_share_pct": 12.384, "display_name": "Abbottabad" }, "geometry": { "type": "Polygon", "coordinates": [ [ [ 73.401074053000059, 34.370762975000048 ], [ 73.488302, 34.279344 ], [ 73.473606, 34.256169 ], [ 73.499042, 34.207557 ], [ 73.511033, 34.018706 ], [ 73.435578, 33.967883 ], [ 73.399133, 33.975834 ], [ 73.304374, 33.846619 ], [ 73.260640260000059, 33.848606610000047 ], [ 73.21983300100004, 33.817553 ], [ 73.195225, 33.914722 ], [ 73.098479, 33.896703 ], [ 73.100955025000076, 33.93884848700003 ], [ 73.152258, 34.004537 ], [ 73.037771, 34.047227 ], [ 73.025019, 34.095184 ], [ 72.979834, 34.094629 ], [ 72.996467, 34.165595 ], [ 72.978448, 34.187217 ], [ 73.000902, 34.243213 ], [ 73.046087, 34.268716 ], [ 73.079075, 34.230461 ], [ 73.143941, 34.251252 ], [ 73.197997, 34.227135 ], [ 73.212412, 34.285348 ], [ 73.257874, 34.271765 ], [ 73.35903875300005, 34.364945119000026 ], [ 73.401074053000059, 34.370762975000048 ] ] ] } },
{ "type": "Feature", "properties": { "district_key": "ATTOCK DISTRICT", "area_sqkm": 6857, "census_population_2017": 1886378, "u5mr_posterior_mean": 31.872, "u5mr_ci_lower95": 6.988, "u5mr_ci_upper95": 84.722, "u5mr_posterior_sd": 20.466, "province": "Punjab", "had_direct_data": true, "n_births_direct": 365, "ci_width": 77.735, "run_mode": "normal", "model_version": "hazard_v1_censoring_corrected", "population_2017": 1886378, "remoteness_proxy": 0.559, "norm_mortality_risk": 0.076, "norm_uncertainty": 0.174, "norm_geographic_accessibility_proxy": 0.559, "norm_population": 0.168, "priority_score": 0.211, "rank": 92, "relative_uncertainty": 2.439, "literacy_rate_pct": 66.91, "improved_water_pct": 72.155, "improved_sanitation_pct": 38.278, "deprivation_index": 0.583, "under5_share_pct": 11.77, "display_name": "Attock" }, "geometry": { "type": "Polygon", "coordinates": [ [ [ 72.40252448800004, 33.991738786000042 ], [ 72.543002, 33.999027 ], [ 72.551614999000037, 33.961256 ], [ 72.645048, 33.939389 ], [ 72.606615, 33.87445 ], [ 72.646373, 33.864511 ], [ 72.699384, 33.8718 ], [ 72.762335, 33.949329 ], [ 72.78619, 33.940052 ], [ 72.791491, 33.88836599800004 ], [ 72.841189, 33.871137 ], [ 72.820647, 33.825415 ], [ 72.870345, 33.814813 ], [ 72.822875977000081, 33.796691895000038 ], [ 72.767009, 33.860718 ], [ 72.737332, 33.862398 ], [ 72.697017, 33.801364 ], [ 72.748531, 33.718494 ], [ 72.730613, 33.683778 ], [ 72.749651, 33.637863 ], [ 72.810124, 33.635623 ], [ 72.823562, 33.566191 ], [ 72.857719, 33.529795 ], [ 72.93163, 33.4878 ], [ 72.77820777900007, 33.446413040000039 ], [ 72.770369, 33.39821 ], [ 72.720534, 33.366853 ], [ 72.678539, 33.3047 ], [ 72.694217, 33.277823 ], [ 72.664541, 33.275584 ], [ 72.629554827000049, 33.198756732000049 ], [ 72.55690690800003, 33.227471625000078 ], [ 72.471848264000073, 33.15834084800008 ], [ 72.302781440000047, 33.137322650000044 ], [ 72.207242764000057, 33.164638145000026 ], [ 72.171508789000029, 33.10968017600004 ], [ 71.993088954000029, 33.121218211000041 ], [ 71.908618198000056, 33.062584682000079 ], [ 71.766628694000076, 33.012805365000077 ], [ 71.714266, 33.040379 ], [ 71.713375, 33.11175 ], [ 71.761086, 33.182653 ], [ 71.712712580000073, 33.246275647000061 ], [ 71.733255, 33.364216 ], [ 71.871084, 33.410601 ], [ 71.867108, 33.447709 ], [ 71.961866, 33.52325 ], [ 71.985721, 33.667043 ], [ 72.040057, 33.753187 ], [ 72.083129, 33.765777 ], [ 72.071864, 33.783668 ], [ 72.247464, 33.763789 ], [ 72.231689453000058, 33.894287109000061 ], [ 72.38130637900008, 33.957943 ], [ 72.40252448800004, 33.991738786000042 ] ] ] } },
{ "type": "Feature", "properties": { "district_key": "AWARAN DISTRICT", "area_sqkm": 29510, "census_population_2017": 121821, "u5mr_posterior_mean": 45.764, "u5mr_ci_lower95": 7.414, "u5mr_ci_upper95": 150.015, "u5mr_posterior_sd": 37.19, "province": "Balochistan", "had_direct_data": true, "n_births_direct": 132, "ci_width": 142.602, "run_mode": "normal", "model_version": "hazard_v1_censoring_corrected", "population_2017": 121821, "remoteness_proxy": 1.0, "norm_mortality_risk": 0.136, "norm_uncertainty": 0.413, "norm_geographic_accessibility_proxy": 1.0, "norm_population": 0.009, "priority_score": 0.379, "rank": 13, "relative_uncertainty": 3.116, "literacy_rate_pct": 25.467, "improved_water_pct": 14.354, "improved_sanitation_pct": 8.318, "deprivation_index": 0.763, "under5_share_pct": 16.3, "display_name": "Awaran" }, "geometry": { "type": "Polygon", "coordinates": [ [ [ 65.584608, 27.410161 ], [ 65.76335, 27.364179 ], [ 65.821433, 27.312665 ], [ 65.91687011700003, 27.133911133000026 ], [ 66.002319336000028, 27.147094727000024 ], [ 66.048889160000044, 27.189270020000038 ], [ 66.01788330100004, 26.913696289000029 ], [ 65.923522949000073, 26.580688477000024 ], [ 66.103271484000061, 26.270324707000043 ], [ 66.080505371000072, 26.399719238000046 ], [ 66.108703613000046, 26.427307129000042 ], [ 66.119873047000056, 26.529296875000057 ], [ 66.187215, 26.570384 ], [ 66.24854287800008, 26.484377320000078 ], [ 66.217534, 26.368667 ], [ 66.166687011000079, 26.336730957000043 ], [ 66.161215, 26.272455 ], [ 66.202672, 26.162164 ], [ 66.259774, 25.846934 ], [ 66.076737, 25.478513 ], [ 66.046231, 25.455829 ], [ 65.97505, 25.4879 ], [ 65.816261, 25.488682 ], [ 65.739605, 25.518406 ], [ 65.522933, 25.428452 ], [ 65.498684, 25.439403 ], [ 65.540108381000039, 25.470654758000023 ], [ 65.545617, 25.54813 ], [ 65.504126285000041, 25.620048638000071 ], [ 65.534729004000042, 25.639709473000039 ], [ 65.532319, 25.688927 ], [ 65.359451, 25.624004 ], [ 65.34146, 25.588805 ], [ 65.305479, 25.612271 ], [ 65.256199, 25.561427 ], [ 65.20678504600005, 25.564771862000043 ], [ 65.172503, 25.603667 ], [ 64.50215, 25.496504 ], [ 64.373085, 25.433145 ], [ 64.280785, 25.463651 ], [ 64.132755, 25.469926 ], [ 64.212733, 25.610706 ], [ 64.355877, 25.636519 ], [ 64.277138, 25.742019 ], [ 64.328364, 25.78796 ], [ 64.33243, 25.850569 ], [ 64.358856, 25.857887 ], [ 64.353571, 25.92009 ], [ 64.384469, 26.013598 ], [ 64.512128, 26.076208 ], [ 64.505623, 26.162398 ], [ 64.423905, 26.292496 ], [ 64.431629, 26.351446 ], [ 64.481636, 26.371774 ], [ 64.933726, 26.37462 ], [ 64.925188, 26.462436 ], [ 65.291089, 26.789714 ], [ 65.356081, 26.994594 ], [ 65.566285, 27.299873 ], [ 65.584608, 27.410161 ] ] ] } },
{ "type": "Feature", "properties": { "district_key": "BADIN DISTRICT", "area_sqkm": 6858, "census_population_2017": 1804958, "u5mr_posterior_mean": 115.449, "u5mr_ci_lower95": 69.84, "u5mr_ci_upper95": 171.708, "u5mr_posterior_sd": 26.031, "province": "Sindh", "had_direct_data": true, "n_births_direct": 460, "ci_width": 101.869, "run_mode": "normal", "model_version": "hazard_v1_censoring_corrected", "population_2017": 1804958, "remoteness_proxy": 0.564, "norm_mortality_risk": 0.434, "norm_uncertainty": 0.263, "norm_geographic_accessibility_proxy": 0.564, "norm_population": 0.16, "priority_score": 0.381, "rank": 12, "relative_uncertainty": 0.882, "literacy_rate_pct": 33.655, "improved_water_pct": 59.23, "improved_sanitation_pct": 15.939, "deprivation_index": 0.769, "under5_share_pct": 16.029, "display_name": "Badin" }, "geometry": { "type": "Polygon", "coordinates": [ [ [ 68.961229, 25.296926 ], [ 68.98202, 25.132541 ], [ 69.087279, 25.069516 ], [ 69.173045, 24.953862 ], [ 69.289349, 24.955161 ], [ 69.328333, 24.877842 ], [ 69.301694, 24.829111 ], [ 69.332644, 24.800679 ], [ 69.252795, 24.752102 ], [ 69.285896, 24.721597 ], [ 69.221641, 24.682006 ], [ 69.252146, 24.647608 ], [ 69.235271, 24.595685 ], [ 69.196978, 24.615156 ], [ 69.220992, 24.542464 ], [ 69.077556, 24.450951 ], [ 69.056138, 24.324389 ], [ 69.082406862000028, 24.261341345000062 ], [ 69.001664, 24.224411 ], [ 68.926377, 24.287262 ], [ 68.859953, 24.200538 ], [ 68.831901, 24.299875 ], [ 68.776492, 24.294106 ], [ 68.768408309000051, 24.268675273000042 ], [ 68.733169, 24.372992 ], [ 68.561637, 24.361946 ], [ 68.448582, 24.394433 ], [ 68.457028, 24.438616 ], [ 68.416744, 24.42627 ], [ 68.394003, 24.519184 ], [ 68.406348, 24.558168 ], [ 68.354369, 24.648483 ], [ 68.371262, 24.726452 ], [ 68.353719, 24.738797 ], [ 68.381658, 24.778431 ], [ 68.433638, 24.791426 ], [ 68.484967, 24.873294 ], [ 68.499262, 24.859649 ], [ 68.532398, 24.888887 ], [ 68.57983, 24.865497 ], [ 68.680756594000059, 24.894609242000058 ], [ 68.648097679000045, 24.853227235000077 ], [ 68.675602280000078, 24.795120703000066 ], [ 68.745541188000061, 24.791135369000074 ], [ 68.785340362000056, 24.831275308000045 ], [ 68.818797619000065, 24.818983310000078 ], [ 68.847927523000067, 24.888182198000038 ], [ 68.83492190000004, 24.928431676000059 ], [ 68.868516686000078, 24.935628929000075 ], [ 68.845249511000077, 24.987155960000052 ], [ 68.756368576000057, 24.962229298000068 ], [ 68.572033, 25.089008 ], [ 68.658449, 25.139688 ], [ 68.666245, 25.155282 ], [ 68.614916, 25.15918 ], [ 68.700682, 25.200114 ], [ 68.740966, 25.257941 ], [ 68.787747, 25.206612 ], [ 68.885859, 25.228703 ], [ 68.890407, 25.264439 ], [ 68.961229, 25.296926 ] ] ] } },
{ "type": "Feature", "properties": { "district_key": "BAHAWALNAGAR DISTRICT", "area_sqkm": 8878, "census_population_2017": 2975656, "u5mr_posterior_mean": 64.751, "u5mr_ci_lower95": 25.133, "u5mr_ci_upper95": 126.259, "u5mr_posterior_sd": 25.683, "province": "Punjab", "had_direct_data": true, "n_births_direct": 388, "ci_width": 101.126, "run_mode": "normal", "model_version": "hazard_v1_censoring_corrected", "population_2017": 2975656, "remoteness_proxy": 0.537, "norm_mortality_risk": 0.217, "norm_uncertainty": 0.26, "norm_geographic_accessibility_proxy": 0.537, "norm_population": 0.266, "priority_score": 0.299, "rank": 38, "relative_uncertainty": 1.562, "literacy_rate_pct": 53.081, "improved_water_pct": 83.207, "improved_sanitation_pct": 27.903, "deprivation_index": 0.457, "under5_share_pct": 13.68, "display_name": "Bahawalnagar" }, "geometry": { "type": "Polygon", "coordinates": [ [ [ 73.909455791000084, 30.341058629000031 ], [ 73.97253, 30.198311 ], [ 73.806576, 30.068107 ], [ 73.397761, 29.946431 ], [ 73.281447, 29.57026 ], [ 73.084488, 29.235909 ], [ 73.006347, 29.15499 ], [ 72.947049, 29.026562 ], [ 72.716123, 28.938911 ], [ 72.491847791000055, 28.820237079000037 ], [ 72.36931, 29.080915 ], [ 72.335218, 29.108765 ], [ 72.303047, 29.060268 ], [ 72.276638, 29.09532 ], [ 72.275678, 29.224004 ], [ 72.333778, 29.236008 ], [ 72.37075, 29.199996 ], [ 72.449978, 29.204798 ], [ 72.507117, 29.24129 ], [ 72.596427, 29.248012 ], [ 72.684297, 29.208159 ], [ 72.764965, 29.224484 ], [ 72.729913, 29.252814 ], [ 72.679495, 29.249933 ], [ 72.690059, 29.282104 ], [ 72.782731, 29.303711 ], [ 72.777929, 29.320997 ], [ 72.716468, 29.29987 ], [ 72.704944, 29.341164 ], [ 72.667011, 29.326279 ], [ 72.63388, 29.359891 ], [ 72.641082, 29.411748 ], [ 72.730393, 29.469368 ], [ 72.727992, 29.529389 ], [ 72.703504, 29.546674 ], [ 72.717909, 29.578365 ], [ 72.669412, 29.601413 ], [ 72.682377, 29.642707 ], [ 72.645404, 29.648469 ], [ 72.646845, 29.67968 ], [ 72.578181, 29.716652 ], [ 72.564145, 29.836878 ], [ 72.655553, 29.870733 ], [ 72.683604, 29.85574 ], [ 72.709721, 29.922482 ], [ 72.77066, 29.892496 ], [ 72.767275, 29.961657 ], [ 72.787588, 29.980036 ], [ 72.83837, 29.967945 ], [ 72.860134, 29.924417 ], [ 72.900759472000061, 30.00131581100004 ], [ 72.946222, 29.96069 ], [ 73.015922, 29.965205 ], [ 73.021911621000072, 30.040100098000039 ], [ 73.048095703000058, 30.038696289000029 ], [ 73.091556, 29.999805 ], [ 73.105285645000038, 30.003112793000071 ], [ 73.094108949000031, 30.026064949000045 ], [ 73.167297363000046, 30.066528320000032 ], [ 73.190917969000054, 30.050720215000069 ], [ 73.310729980000076, 30.112670898000033 ], [ 73.363708496000072, 30.096923828000058 ], [ 73.379715, 30.06876 ], [ 73.381286621000072, 30.152282715000069 ], [ 73.414145442000063, 30.147339114000033 ], [ 73.424926758000083, 30.171875 ], [ 73.459106445000032, 30.159301758000026 ], [ 73.462097168000071, 30.222473145000038 ], [ 73.48726, 30.206039 ], [ 73.540100098000039, 30.262329102000024 ], [ 73.737146, 30.266138 ], [ 73.792816, 30.321809 ], [ 73.854497, 30.298086 ], [ 73.909455791000084, 30.341058629000031 ] ] ] } },
{ "type": "Feature", "properties": { "district_key": "BAHAWALPUR DISTRICT", "area_sqkm": 24830, "census_population_2017": 3669176, "u5mr_posterior_mean": 107.327, "u5mr_ci_lower95": 70.394, "u5mr_ci_upper95": 151.799, "u5mr_posterior_sd": 20.979, "province": "Punjab", "had_direct_data": true, "n_births_direct": 641, "ci_width": 81.405, "run_mode": "normal", "model_version": "hazard_v1_censoring_corrected", "population_2017": 3669176, "remoteness_proxy": 0.627, "norm_mortality_risk": 0.399, "norm_uncertainty": 0.188, "norm_geographic_accessibility_proxy": 0.627, "norm_population": 0.328, "priority_score": 0.374, "rank": 15, "relative_uncertainty": 0.758, "literacy_rate_pct": 50.268, "improved_water_pct": 86.127, "improved_sanitation_pct": 38.806, "deprivation_index": 0.55, "under5_share_pct": 14.088, "display_name": "Bahawalpur" }, "geometry": { "type": "Polygon", "coordinates": [ [ [ 72.402608, 29.859609 ], [ 72.460161, 29.848485 ], [ 72.461129, 29.826721 ], [ 72.502457691000075, 29.817532 ], [ 72.512395, 29.843165 ], [ 72.563446, 29.80834799400003 ], [ 72.578181, 29.716652 ], [ 72.646845, 29.67968 ], [ 72.645404, 29.648469 ], [ 72.682377, 29.642707 ], [ 72.673734, 29.593731 ], [ 72.717909, 29.578365 ], [ 72.703504, 29.546674 ], [ 72.727992, 29.529389 ], [ 72.730393, 29.469368 ], [ 72.641082, 29.411748 ], [ 72.63196, 29.367093 ], [ 72.667011, 29.326279 ], [ 72.704944, 29.341164 ], [ 72.716468, 29.29987 ], [ 72.777929, 29.320997 ], [ 72.773128, 29.296029 ], [ 72.690059, 29.282104 ], [ 72.679495, 29.249933 ], [ 72.729913, 29.252814 ], [ 72.764965, 29.224484 ], [ 72.684297, 29.208159 ], [ 72.596427, 29.248012 ], [ 72.528244, 29.245131 ], [ 72.477347, 29.209599 ], [ 72.37075, 29.199996 ], [ 72.333778, 29.236008 ], [ 72.275678, 29.224004 ], [ 72.276638, 29.09532 ], [ 72.303047, 29.060268 ], [ 72.335218, 29.108765 ], [ 72.36931, 29.080915 ], [ 72.492158, 28.819824 ], [ 72.392789, 28.779562 ], [ 72.31574, 28.692694 ], [ 72.198486, 28.383998 ], [ 72.021223, 28.236282 ], [ 71.925373, 28.123984 ], [ 71.897302, 27.966756 ], [ 71.682709, 27.890694 ], [ 71.325379, 27.86722 ], [ 71.108518, 27.795375 ], [ 71.034156, 28.114065 ], [ 70.979243, 28.21102 ], [ 70.942349, 28.547357 ], [ 71.055606, 28.853665 ], [ 71.04102, 28.923163 ], [ 71.061612, 28.983223 ], [ 71.035872, 29.004673 ], [ 71.087352, 29.07074 ], [ 71.081346, 29.144528 ], [ 71.060754, 29.15654 ], [ 71.016138, 29.128226 ], [ 70.994687226000053, 29.076746452000066 ], [ 70.908887, 29.188286 ], [ 70.884863, 29.183996 ], [ 70.912319, 29.221748 ], [ 70.909174783000083, 29.284748609000076 ], [ 70.955324, 29.281417 ], [ 70.916362723000077, 29.321297858000037 ], [ 70.924670589000073, 29.344161204000045 ], [ 71.024384, 29.373497 ], [ 71.064994990000059, 29.441945085000043 ], [ 71.10064125100007, 29.432069778000027 ], [ 71.131111135000083, 29.472209922000047 ], [ 71.13933292300004, 29.452381976000026 ], [ 71.227840369000035, 29.480432798000038 ], [ 71.243799210000077, 29.44706153900006 ], [ 71.297968, 29.440774 ], [ 71.329889297000079, 29.462537766000025 ], [ 71.317269531000079, 29.41709577000006 ], [ 71.355021, 29.422873 ], [ 71.377641, 29.389972 ], [ 71.393329, 29.41555 ], [ 71.438346, 29.418961 ], [ 71.480635, 29.372238 ], [ 71.51849, 29.446244 ], [ 71.545773, 29.419302 ], [ 71.609207, 29.434648 ], [ 71.632397, 29.472504 ], [ 71.715952, 29.476937 ], [ 71.73505, 29.522978 ], [ 71.792691098000034, 29.501492 ], [ 71.826454098000056, 29.53696 ], [ 71.876587098000073, 29.515134 ], [ 71.886472, 29.54685 ], [ 71.901819, 29.501833 ], [ 71.91410109800006, 29.530139 ], [ 71.94308909800003, 29.512064 ], [ 71.923649717000046, 29.566289764000032 ], [ 72.01197909800004, 29.549238 ], [ 72.028006130000051, 29.579588748000049 ], [ 72.069274098000051, 29.554353 ], [ 72.072684098000082, 29.607214 ], [ 72.125964, 29.594573 ], [ 72.166107, 29.618755 ], [ 72.196576, 29.71113 ], [ 72.244457, 29.708229 ], [ 72.217373, 29.763848 ], [ 72.248809, 29.810277 ], [ 72.310232, 29.803506 ], [ 72.340702, 29.843165 ], [ 72.402608, 29.859609 ] ] ] } },
{ "type": "Feature", "properties": { "district_key": "BAJAUR AGENCY DISTRICT", "area_sqkm": 1290, "census_population_2017": 1090987, "u5mr_posterior_mean": 18.424, "u5mr_ci_lower95": 2.376, "u5mr_ci_upper95": 53.288, "u5mr_posterior_sd": 13.69, "province": "Fata", "had_direct_data": true, "n_births_direct": 605, "ci_width": 50.913, "run_mode": "normal", "model_version": "hazard_v1_censoring_corrected", "population_2017": 1090987, "remoteness_proxy": 0.435, "norm_mortality_risk": 0.018, "norm_uncertainty": 0.076, "norm_geographic_accessibility_proxy": 0.435, "norm_population": 0.096, "priority_score": 0.127, "rank": 132, "relative_uncertainty": 2.763, "literacy_rate_pct": 29.928, "improved_water_pct": 31.105, "improved_sanitation_pct": 24.622, "deprivation_index": 0.819, "under5_share_pct": 18.386, "display_name": "Bajaur Agency" }, "geometry": { "type": "Polygon", "coordinates": [ [ [ 71.556992, 34.941965 ], [ 71.615967, 34.814076 ], [ 71.696147, 34.808774 ], [ 71.80482, 34.754438 ], [ 71.762411, 34.731908 ], [ 71.762411, 34.658355 ], [ 71.688195, 34.62456 ], [ 71.659039, 34.544381 ], [ 71.621417053000073, 34.516904734000036 ], [ 71.581691952000028, 34.507410685000025 ], [ 71.54293053300006, 34.545137038000064 ], [ 71.528082697000059, 34.627335517000063 ], [ 71.560847874000046, 34.653426306000028 ], [ 71.550604295000028, 34.672914092000042 ], [ 71.287654823000082, 34.651645280000025 ], [ 71.230976063000071, 34.722058289000074 ], [ 71.207219525000085, 34.704983277000053 ], [ 71.173809023000047, 34.728997901000071 ], [ 71.280396, 34.805202 ], [ 71.302019, 34.868104 ], [ 71.357092, 34.91179 ], [ 71.50769125000005, 34.98120668200005 ], [ 71.556992, 34.941965 ] ] ] } },
{ "type": "Feature", "properties": { "district_key": "BANNU DISTRICT", "area_sqkm": 1227, "census_population_2017": 1167071, "u5mr_posterior_mean": 46.713, "u5mr_ci_lower95": 14.624, "u5mr_ci_upper95": 101.896, "u5mr_posterior_sd": 23.136, "province": "Khyber Pakhtunkhwa", "had_direct_data": true, "n_births_direct": 278, "ci_width": 87.271, "run_mode": "normal", "model_version": "hazard_v1_censoring_corrected", "population_2017": 1167071, "remoteness_proxy": 0.422, "norm_mortality_risk": 0.14, "norm_uncertainty": 0.209, "norm_geographic_accessibility_proxy": 0.422, "norm_population": 0.103, "priority_score": 0.213, "rank": 89, "relative_uncertainty": 1.868, "literacy_rate_pct": 47.526, "improved_water_pct": 83.631, "improved_sanitation_pct": 38.946, "deprivation_index": 0.625, "under5_share_pct": 16.385, "display_name": "Bannu" }, "geometry": { "type": "Polygon", "coordinates": [ [ [ 70.81695078000007, 33.044973982000045 ], [ 70.919363, 33.012069 ], [ 70.961889, 32.912365 ], [ 70.957958, 32.868052 ], [ 70.888987, 32.847325 ], [ 70.866831, 32.875914 ], [ 70.829665, 32.854473 ], [ 70.789998, 32.870197 ], [ 70.739967, 32.816235 ], [ 70.675285, 32.842322 ], [ 70.609173, 32.814806 ], [ 70.572722, 32.839821 ], [ 70.514829, 32.797652 ], [ 70.510183, 32.762988 ], [ 70.373515, 32.705551 ], [ 70.376828, 32.824826 ], [ 70.523272, 33.053438 ], [ 70.661101, 33.044161 ], [ 70.787351, 33.092365 ], [ 70.81695078000007, 33.044973982000045 ] ] ] } },
{ "type": "Feature", "properties": { "district_key": "BARKHAN DISTRICT", "area_sqkm": 3514, "census_population_2017": 171025, "u5mr_posterior_mean": 54.353, "u5mr_ci_lower95": 9.105, "u5mr_ci_upper95": 174.807, "u5mr_posterior_sd": 45.253, "province": "Balochistan", "had_direct_data": false, "n_births_direct": 0, "ci_width": 165.702, "run_mode": "normal", "model_version": "hazard_v1_censoring_corrected", "population_2017": 171025, "remoteness_proxy": 0.749, "norm_mortality_risk": 0.172, "norm_uncertainty": 0.498, "norm_geographic_accessibility_proxy": 0.749, "norm_population": 0.013, "priority_score": 0.369, "rank": 16, "relative_uncertainty": 3.049, "literacy_rate_pct": 26.987, "improved_water_pct": 26.885, "improved_sanitation_pct": 12.765, "deprivation_index": 0.781, "under5_share_pct": 19.422, "display_name": "Barkhan" }, "geometry": { "type": "Polygon", "coordinates": [ [ [ 69.619193296000049, 30.150618622000025 ], [ 69.744383886000037, 30.356889523000063 ], [ 69.783508, 30.292746 ], [ 69.929363, 30.330601 ], [ 69.986834044000034, 30.292575 ], [ 69.979470001000038, 30.249062 ], [ 70.015017, 30.278479 ], [ 70.073239, 30.274189 ], [ 70.063433, 30.237417 ], [ 70.015094622000049, 30.204935 ], [ 69.981922, 30.082975 ], [ 69.933505, 30.025365 ], [ 69.888766, 29.90463 ], [ 69.738001001000043, 29.720157 ], [ 69.651364, 29.684582 ], [ 69.596892, 29.703524 ], [ 69.475626, 29.694542 ], [ 69.280253, 29.610703 ], [ 69.089371, 29.687805 ], [ 69.066914, 29.733466 ], [ 69.086377, 29.747689 ], [ 69.282498, 29.860721 ], [ 69.391787, 29.889166 ], [ 69.479368, 29.991718 ], [ 69.503322, 30.065825 ], [ 69.466645781000068, 30.068071 ], [ 69.453919781000081, 30.044117 ], [ 69.412123781000048, 30.065333 ], [ 69.589413, 30.233234999000047 ], [ 69.563151, 30.148772 ], [ 69.619193296000049, 30.150618622000025 ] ], [ [ 69.619193296000049, 30.150618622000025 ], [ 69.619226559000083, 30.150595946000067 ], [ 69.619226609000066, 30.150595998000028 ], [ 69.619193296000049, 30.150618622000025 ] ] ] } },
{ "type": "Feature", "properties": { "district_key": "BATAGRAM DISTRICT", "area_sqkm": 1301, "census_population_2017": 476749, "u5mr_posterior_mean": 29.069, "u5mr_ci_lower95": 6.146, "u5mr_ci_upper95": 77.299, "u5mr_posterior_sd": 19.195, "province": "Khyber Pakhtunkhwa", "had_direct_data": true, "n_births_direct": 157, "ci_width": 71.153, "run_mode": "normal", "model_version": "hazard_v1_censoring_corrected", "population_2017": 476749, "remoteness_proxy": 0.527, "norm_mortality_risk": 0.064, "norm_uncertainty": 0.15, "norm_geographic_accessibility_proxy": 0.527, "norm_population": 0.041, "priority_score": 0.18, "rank": 108, "relative_uncertainty": 2.448, "literacy_rate_pct": null, "improved_water_pct": 52.384, "improved_sanitation_pct": 24.608, "deprivation_index": 0.668, "under5_share_pct": 16.411, "display_name": "Batagram" }, "geometry": { "type": "Polygon", "coordinates": [ [ [ 73.023443130000032, 34.583552544000042 ], [ 72.942411, 34.566437 ], [ 72.906097, 34.598316 ], [ 72.90161, 34.765975 ], [ 73.004506, 34.838932 ], [ 72.862021, 34.905462 ], [ 73.05274, 34.96617 ], [ 73.108459, 34.92847 ], [ 73.354342, 34.931242 ], [ 73.491301, 34.898823 ], [ 73.496549, 34.874414 ], [ 73.38234, 34.771016 ], [ 73.30389, 34.794856 ], [ 73.222114, 34.782104 ], [ 73.181642, 34.647659 ], [ 73.115111999000078, 34.644055 ], [ 73.073808, 34.558398 ], [ 73.023443130000032, 34.583552544000042 ] ], [ [ 73.023443130000032, 34.583552544000042 ], [ 73.02325655900006, 34.583580392000044 ], [ 73.023257172000058, 34.583580227000027 ], [ 73.023443130000032, 34.583552544000042 ] ] ] } },
{ "type": "Feature", "properties": { "district_key": "BHAKKAR DISTRICT", "area_sqkm": 8153, "census_population_2017": 1647852, "u5mr_posterior_mean": 152.648, "u5mr_ci_lower95": 99.731, "u5mr_ci_upper95": 218.386, "u5mr_posterior_sd": 30.06, "province": "Punjab", "had_direct_data": true, "n_births_direct": 403, "ci_width": 118.655, "run_mode": "normal", "model_version": "hazard_v1_censoring_corrected", "population_2017": 1647852, "remoteness_proxy": 0.593, "norm_mortality_risk": 0.593, "norm_uncertainty": 0.325, "norm_geographic_accessibility_proxy": 0.593, "norm_population": 0.146, "priority_score": 0.468, "rank": 3, "relative_uncertainty": 0.777, "literacy_rate_pct": 51.818, "improved_water_pct": 97.085, "improved_sanitation_pct": 29.966, "deprivation_index": 0.519, "under5_share_pct": 13.588, "display_name": "Bhakkar" }, "geometry": { "type": "Polygon", "coordinates": [ [ [ 71.502371, 32.205153 ], [ 71.72734969000004, 32.186826788000076 ], [ 71.776327885000057, 32.144569 ], [ 71.761123, 32.030411 ], [ 71.730388, 32.013726 ], [ 71.688260350000064, 31.897852963000048 ], [ 71.625067035000029, 31.850458451000065 ], [ 71.711518561000048, 31.814623802000028 ], [ 71.773417, 31.674763 ], [ 71.991396909000059, 31.530210074000024 ], [ 71.979468, 31.496099 ], [ 72.008605, 31.481075 ], [ 72.020442, 31.383647 ], [ 72.00906, 31.252984 ], [ 71.887048, 31.267097 ], [ 71.803733, 31.227489 ], [ 71.773738500000036, 31.16108150000008 ], [ 71.690251, 31.172387 ], [ 71.61091, 31.230726 ], [ 71.54207, 31.239477 ], [ 71.495397999000033, 31.224309 ], [ 71.455728, 31.150801 ], [ 71.327382, 31.137383 ], [ 71.293545, 31.163636 ], [ 71.281877, 31.235976 ], [ 71.245707, 31.240643 ], [ 71.198840233000055, 31.304233177000071 ], [ 71.194455946000062, 31.344619968000075 ], [ 70.935919543000068, 31.346872414000075 ], [ 70.920233050000036, 31.385905750000063 ], [ 70.849612079000053, 31.350299028000052 ], [ 70.80713455800003, 31.360435573000075 ], [ 70.842002, 31.421352 ], [ 70.895676, 31.437918 ], [ 70.870496, 31.512796 ], [ 70.902303, 31.523399 ], [ 70.878448, 31.547254 ], [ 70.900329590000069, 31.586486816000047 ], [ 70.885092149000059, 31.636095641000054 ], [ 70.912902832000043, 31.687683105000076 ], [ 70.942687988000046, 31.685729980000076 ], [ 70.938085, 31.71689 ], [ 71.063987, 31.880562 ], [ 71.065312, 32.025018 ], [ 71.086517, 32.03562 ], [ 71.115673, 32.161522 ], [ 71.173108090000028, 32.193250972000044 ], [ 71.321364, 32.166851 ], [ 71.340894700000035, 32.192045964000044 ], [ 71.449242255000058, 32.18353103100003 ], [ 71.502371, 32.205153 ] ] ] } },
{ "type": "Feature", "properties": { "district_key": "BUNER DISTRICT", "area_sqkm": 1865, "census_population_2017": 895460, "u5mr_posterior_mean": 40.66, "u5mr_ci_lower95": 11.605, "u5mr_ci_upper95": 95.32, "u5mr_posterior_sd": 21.542, "province": "Khyber Pakhtunkhwa", "had_direct_data": true, "n_births_direct": 182, "ci_width": 83.714, "run_mode": "normal", "model_version": "hazard_v1_censoring_corrected", "population_2017": 895460, "remoteness_proxy": 0.497, "norm_mortality_risk": 0.114, "norm_uncertainty": 0.196, "norm_geographic_accessibility_proxy": 0.497, "norm_population": 0.078, "priority_score": 0.212, "rank": 91, "relative_uncertainty": 2.059, "literacy_rate_pct": 46.84, "improved_water_pct": 50.424, "improved_sanitation_pct": 32.48, "deprivation_index": 0.691, "under5_share_pct": 15.59, "display_name": "Buner" }, "geometry": { "type": "Polygon", "coordinates": [ [ [ 72.527986, 34.705318 ], [ 72.569013, 34.635184 ], [ 72.650512, 34.64655 ], [ 72.684054, 34.67732 ], [ 72.718151, 34.669004 ], [ 72.70235, 34.615225 ], [ 72.729516, 34.51848 ], [ 72.770543, 34.474958 ], [ 72.717042, 34.45389 ], [ 72.751693, 34.409814 ], [ 72.719259, 34.310297 ], [ 72.644968, 34.279527 ], [ 72.568735, 34.218541 ], [ 72.585368, 34.18555351200007 ], [ 72.522719, 34.153952 ], [ 72.413795718000074, 34.189170455000067 ], [ 72.485296, 34.34079 ], [ 72.468109, 34.372391 ], [ 72.36083, 34.435595 ], [ 72.257986, 34.435318 ], [ 72.22084, 34.45694 ], [ 72.201229, 34.515536 ], [ 72.235254, 34.535667 ], [ 72.22121, 34.570328 ], [ 72.352790500000083, 34.62465 ], [ 72.404905, 34.682587 ], [ 72.478088, 34.674548 ], [ 72.490008, 34.710308 ], [ 72.527986, 34.705318 ] ] ] } },
{ "type": "Feature", "properties": { "district_key": "CHAGAI DISTRICT", "area_sqkm": 44748, "census_population_2017": 226517, "u5mr_posterior_mean": 54.307, "u5mr_ci_lower95": 8.178, "u5mr_ci_upper95": 187.177, "u5mr_posterior_sd": 47.312, "province": "Balochistan", "had_direct_data": false, "n_births_direct": 0, "ci_width": 178.998, "run_mode": "normal", "model_version": "hazard_v1_censoring_corrected", "population_2017": 226517, "remoteness_proxy": 0.982, "norm_mortality_risk": 0.172, "norm_uncertainty": 0.546, "norm_geographic_accessibility_proxy": 0.982, "norm_population": 0.018, "priority_score": 0.431, "rank": 6, "relative_uncertainty": 3.296, "literacy_rate_pct": 36.911, "improved_water_pct": 20.942, "improved_sanitation_pct": null, "deprivation_index": 0.708, "under5_share_pct": 78.162, "display_name": "Chagai" }, "geometry": { "type": "Polygon", "coordinates": [ [ [ 60.891856, 29.851735 ], [ 62.457188, 29.385219 ], [ 63.594030325000062, 29.490109651000068 ], [ 64.048100326000053, 29.417379651000033 ], [ 64.111002326000062, 29.377411651000045 ], [ 64.218142326000077, 29.496511651000048 ], [ 64.465538325000068, 29.569975652000039 ], [ 64.670560326000043, 29.579874651000068 ], [ 65.03617332500005, 29.534009651000076 ], [ 65.131591325000045, 29.552505651000047 ], [ 65.266567326000029, 29.416766652000035 ], [ 65.470084001000032, 29.036426146000053 ], [ 65.24547132500004, 28.895752651000066 ], [ 65.171655326000064, 28.823355651000043 ], [ 65.047445326000059, 28.805611652000039 ], [ 64.931042326000068, 28.689918652000074 ], [ 64.809671326000057, 28.698435651000068 ], [ 64.493959, 28.610696 ], [ 64.39601, 28.521265 ], [ 64.285497863000046, 28.539547174000063 ], [ 64.279608, 28.497132 ], [ 64.130556, 28.469451 ], [ 64.012733, 28.383569 ], [ 63.901299, 28.368664 ], [ 63.826773, 28.299106 ], [ 63.818256, 28.345241 ], [ 63.708241, 28.291299 ], [ 63.253277, 28.272844 ], [ 63.206432, 28.184833 ], [ 63.129067, 28.157861 ], [ 62.803402031000076, 27.888376882000045 ], [ 62.770895, 28.029863 ], [ 62.79267, 28.281637 ], [ 62.593971, 28.253058 ], [ 62.423116, 28.413527 ], [ 62.286829, 28.465945 ], [ 62.037844, 28.506568 ], [ 61.803274, 28.639578 ], [ 61.503836, 29.001915 ], [ 61.478085, 29.10197 ], [ 61.413841, 29.13587 ], [ 61.427175, 29.192584 ], [ 61.387861, 29.208964 ], [ 61.354445, 29.276452 ], [ 61.374101, 29.345905 ], [ 61.130358, 29.566715 ], [ 60.891856, 29.851735 ] ] ] } },
{ "type": "Feature", "properties": { "district_key": "CHAKWAL DISTRICT", "area_sqkm": 6525, "census_population_2017": 1495463, "u5mr_posterior_mean": 57.573, "u5mr_ci_lower95": 16.307, "u5mr_ci_upper95": 131.115, "u5mr_posterior_sd": 29.647, "province": "Punjab", "had_direct_data": true, "n_births_direct": 255, "ci_width": 114.808, "run_mode": "normal", "model_version": "hazard_v1_censoring_corrected", "population_2017": 1495463, "remoteness_proxy": 0.579, "norm_mortality_risk": 0.186, "norm_uncertainty": 0.31, "norm_geographic_accessibility_proxy": 0.579, "norm_population": 0.132, "priority_score": 0.297, "rank": 41, "relative_uncertainty": 1.994, "literacy_rate_pct": 74.643, "improved_water_pct": 77.638, "improved_sanitation_pct": 43.328, "deprivation_index": 0.382, "under5_share_pct": 11.091, "display_name": "Chakwal" }, "geometry": { "type": "Polygon", "coordinates": [ [ [ 72.55690690800003, 33.227471625000078 ], [ 72.634743, 33.197292 ], [ 72.705844499000079, 33.213239299000065 ], [ 72.810745195000038, 33.156562712000039 ], [ 72.92633, 33.168257 ], [ 72.944272048000073, 33.117697206000059 ], [ 73.013477505000083, 33.109065514000065 ], [ 73.033822, 33.068178 ], [ 73.092511, 33.107098 ], [ 73.121545, 33.076827 ], [ 73.133283, 33.095978 ], [ 73.204559944000039, 33.095408904000067 ], [ 73.196823977000065, 33.03280281900004 ], [ 73.226911, 33.00669 ], [ 73.155889, 32.896514 ], [ 73.152702, 32.8478 ], [ 73.207212025000047, 32.861634380000055 ], [ 73.281043982000028, 32.811804146000043 ], [ 73.249665910000033, 32.785019183000031 ], [ 73.260601, 32.734893 ], [ 73.137678, 32.723511 ], [ 73.096249, 32.703024 ], [ 73.087598, 32.668423 ], [ 73.024628757000073, 32.710758954000028 ], [ 72.985593597000047, 32.667507564000061 ], [ 72.868613, 32.640196 ], [ 72.755706, 32.693008 ], [ 72.733397, 32.676163 ], [ 72.741592, 32.615156 ], [ 72.650903583000058, 32.591518562000033 ], [ 72.58786682200008, 32.60673754000004 ], [ 72.542090059000031, 32.691947334000076 ], [ 72.418348710000032, 32.613400908000074 ], [ 72.338791699000069, 32.694187150000062 ], [ 72.151192, 32.713068 ], [ 72.157818, 32.65853 ], [ 71.930490582000061, 32.540285441000037 ], [ 71.890948, 32.746938 ], [ 71.973112, 32.803773 ], [ 71.967552, 32.837132 ], [ 71.896504993000065, 32.890895036000074 ], [ 71.877357, 32.983544 ], [ 71.766628694000076, 33.012805365000077 ], [ 71.908618198000056, 33.062584682000079 ], [ 71.976074219000054, 33.11749267600004 ], [ 72.171508789000029, 33.10968017600004 ], [ 72.207242764000057, 33.164638145000026 ], [ 72.302781440000047, 33.137322650000044 ], [ 72.471848264000073, 33.15834084800008 ], [ 72.55690690800003, 33.227471625000078 ] ] ] } },
{ "type": "Feature", "properties": { "district_key": "CHARSADDA DISTRICT", "area_sqkm": 996, "census_population_2017": 1610960, "u5mr_posterior_mean": 30.999, "u5mr_ci_lower95": 9.478, "u5mr_ci_upper95": 68.603, "u5mr_posterior_sd": 15.315, "province": "Khyber Pakhtunkhwa", "had_direct_data": true, "n_births_direct": 453, "ci_width": 59.125, "run_mode": "normal", "model_version": "hazard_v1_censoring_corrected", "population_2017": 1610960, "remoteness_proxy": 0.363, "norm_mortality_risk": 0.072, "norm_uncertainty": 0.106, "norm_geographic_accessibility_proxy": 0.363, "norm_population": 0.143, "priority_score": 0.148, "rank": 124, "relative_uncertainty": 1.907, "literacy_rate_pct": 50.721, "improved_water_pct": 78.32, "improved_sanitation_pct": 56.802, "deprivation_index": 0.621, "under5_share_pct": 14.801, "display_name": "Charsadda" }, "geometry": { "type": "Polygon", "coordinates": [ [ [ 71.757904, 34.444188 ], [ 71.831053821000069, 34.364098120000051 ], [ 71.817683857000077, 34.284138217000077 ], [ 71.893482106000079, 34.237115839000069 ], [ 71.937534, 34.140646 ], [ 71.892626, 34.12235 ], [ 71.849382, 34.049167 ], [ 71.775368, 34.094629 ], [ 71.710744042000044, 34.076665879000075 ], [ 71.694780596000044, 34.125834256000076 ], [ 71.494359, 34.175713 ], [ 71.469501125000079, 34.211492913000029 ], [ 71.494717282000067, 34.25079910900007 ], [ 71.536453606000066, 34.26466332900003 ], [ 71.533151266000061, 34.311782461000064 ], [ 71.590176771000074, 34.366765803000078 ], [ 71.623283516000072, 34.350839399000051 ], [ 71.662429178000082, 34.418437872000027 ], [ 71.715302691000034, 34.449429788000032 ], [ 71.757904, 34.444188 ] ] ] } },
{ "type": "Feature", "properties": { "district_key": "CHINIOT DISTRICT", "area_sqkm": 2643, "census_population_2017": 1368659, "u5mr_posterior_mean": 79.035, "u5mr_ci_lower95": 32.004, "u5mr_ci_upper95": 151.756, "u5mr_posterior_sd": 31.676, "province": "Punjab", "had_direct_data": true, "n_births_direct": 339, "ci_width": 119.751, "run_mode": "normal", "model_version": "hazard_v1_censoring_corrected", "population_2017": 1368659, "remoteness_proxy": 0.489, "norm_mortality_risk": 0.278, "norm_uncertainty": 0.329, "norm_geographic_accessibility_proxy": 0.489, "norm_population": 0.121, "priority_score": 0.32, "rank": 33, "relative_uncertainty": 1.515, "literacy_rate_pct": 50.05, "improved_water_pct": 91.354, "improved_sanitation_pct": 21.486, "deprivation_index": 0.514, "under5_share_pct": 13.754, "display_name": "Chiniot" }, "geometry": { "type": "Polygon", "coordinates": [ [ [ 72.950182, 31.97626 ], [ 73.141188, 31.919537 ], [ 73.16627625600006, 31.892068519000077 ], [ 73.159776256000043, 31.848868519000064 ], [ 73.231576256000039, 31.789268519000075 ], [ 73.148176256000056, 31.716968519000034 ], [ 73.048676256000078, 31.578568519000044 ], [ 72.892976256000054, 31.499868519000074 ], [ 72.825076256000045, 31.368068519000076 ], [ 72.678183, 31.370105 ], [ 72.622761, 31.419193 ], [ 72.618011, 31.461947 ], [ 72.561031927000045, 31.454821 ], [ 72.458876256000053, 31.54426851900007 ], [ 72.439077, 31.663705 ], [ 72.498713, 31.684542 ], [ 72.564776256000073, 31.763268519000064 ], [ 72.679301, 31.774836 ], [ 72.787575144000073, 31.836768 ], [ 72.850048, 31.822298 ], [ 72.887092, 31.87439 ], [ 72.915876256000047, 31.841968519000034 ], [ 72.983174, 31.842556 ], [ 72.979122, 31.872654 ], [ 72.897511, 31.90854 ], [ 72.9606, 31.931114 ], [ 72.950182, 31.97626 ] ] ] } },
{ "type": "Feature", "properties": { "district_key": "CHITRAL DISTRICT", "area_sqkm": 14850, "census_population_2017": 447625, "u5mr_posterior_mean": 35.728, "u5mr_ci_lower95": 6.786, "u5mr_ci_upper95": 97.654, "u5mr_posterior_sd": 24.259, "province": "Khyber Pakhtunkhwa", "had_direct_data": true, "n_births_direct": 192, "ci_width": 90.868, "run_mode": "normal", "model_version": "hazard_v1_censoring_corrected", "population_2017": 447625, "remoteness_proxy": 0.8, "norm_mortality_risk": 0.093, "norm_uncertainty": 0.222, "norm_geographic_accessibility_proxy": 0.8, "norm_population": 0.038, "priority_score": 0.268, "rank": 62, "relative_uncertainty": 2.543, "literacy_rate_pct": 64.67, "improved_water_pct": 59.575, "improved_sanitation_pct": 63.073, "deprivation_index": 0.552, "under5_share_pct": 13.499, "display_name": "Chitral" }, "geometry": { "type": "Polygon", "coordinates": [ [ [ 73.30229586400003, 36.87954966500007 ], [ 73.65072039100005, 36.915519366000069 ], [ 73.697029866000037, 36.854822045000049 ], [ 73.839032403000033, 36.801349040000048 ], [ 73.868144779000033, 36.755004454000073 ], [ 73.861014551000039, 36.724702600000057 ], [ 73.603747180000084, 36.709847462000027 ], [ 73.568692660000067, 36.73599013900008 ], [ 73.374404694000077, 36.757973083000024 ], [ 73.26805108700006, 36.721134795000069 ], [ 73.152191464000055, 36.730047189000061 ], [ 73.06188028400004, 36.697367953000025 ], [ 73.049402647000079, 36.673008038000035 ], [ 73.074950890000082, 36.609433538000076 ], [ 73.041083558000082, 36.547641244000033 ], [ 72.970379190000074, 36.509020636000059 ], [ 72.96740791600007, 36.476936813000066 ], [ 72.87148796300005, 36.452444635000063 ], [ 72.848344438000083, 36.376432715000078 ], [ 72.686372003000031, 36.275517671000046 ], [ 72.593684584000073, 36.269575264000025 ], [ 72.549121, 36.232737 ], [ 72.521196337000049, 36.078852052000059 ], [ 72.568133406000072, 36.012306672000079 ], [ 72.50026357400003, 35.870423192000032 ], [ 72.416824779000081, 35.830228033000026 ], [ 72.369421516000045, 35.765916189000052 ], [ 72.216138396000076, 35.77655764900004 ], [ 72.188417437000055, 35.757984605000047 ], [ 72.167251057000044, 35.784832357000028 ], [ 72.124564568000039, 35.780040865000046 ], [ 72.089723286000037, 35.709916690000057 ], [ 72.111068286000034, 35.690789690000031 ], [ 72.095266286000083, 35.658079690000079 ], [ 71.993530299000042, 35.619271101000038 ], [ 71.935597985000072, 35.567418301000032 ], [ 71.916469985000049, 35.524462991000064 ], [ 71.933378985000047, 35.47706099100003 ], [ 71.881263985000032, 35.45349899100006 ], [ 71.89345998500005, 35.418847991000064 ], [ 71.85853198500007, 35.357030991000045 ], [ 71.815564985000037, 35.363129991000051 ], [ 71.777031985000065, 35.332359991000033 ], [ 71.752082985000072, 35.250029991000076 ], [ 71.669259985000053, 35.223399991000065 ], [ 71.558210985000073, 35.288100991000078 ], [ 71.650598985000045, 35.442731991000073 ], [ 71.593595985000036, 35.497770991000039 ], [ 71.61932061400006, 35.570480957000029 ], [ 71.499900985000068, 35.631435991000046 ], [ 71.550340985000048, 35.713710991000028 ], [ 71.487910985000042, 35.757845991000067 ], [ 71.488988985000049, 35.809512991000076 ], [ 71.432480985000041, 35.887554991000059 ], [ 71.384580985000071, 35.902625991000036 ], [ 71.377048985000044, 35.960213991000046 ], [ 71.265337985000031, 35.996395991000043 ], [ 71.201060985000083, 36.056020991000025 ], [ 71.248964985000043, 36.128676991000077 ], [ 71.410766985000066, 36.220622991000027 ], [ 71.442787985000052, 36.275766991000069 ], [ 71.57081872200007, 36.333577991000027 ], [ 71.555699722000043, 36.366487991000042 ], [ 71.619740722000074, 36.424299991000055 ], [ 71.641977722000036, 36.480333991000066 ], [ 71.788780985000074, 36.409383586000047 ], [ 71.861714985000049, 36.405824586000051 ], [ 71.819023395000045, 36.466301401000067 ], [ 71.838591940000072, 36.51077305900003 ], [ 71.914192935000074, 36.512551758000029 ], [ 71.933761611000079, 36.564139332000025 ], [ 72.109867007000048, 36.608402887000068 ], [ 72.10542193100008, 36.655542284000035 ], [ 72.20948366500005, 36.664437171000031 ], [ 72.201480393000054, 36.698235693000072 ], [ 72.23883698700007, 36.758716330000027 ], [ 72.495876899000052, 36.782731495000064 ], [ 72.571477935000075, 36.841433518000031 ], [ 72.645299264000073, 36.860111999000026 ], [ 72.876259147000042, 36.848699970000041 ], [ 73.086177156000076, 36.897337393000043 ], [ 73.30229586400003, 36.87954966500007 ] ] ] } },
{ "type": "Feature", "properties": { "district_key": "DADU DISTRICT", "area_sqkm": 7866, "census_population_2017": 1550390, "u5mr_posterior_mean": 29.428, "u5mr_ci_lower95": 8.321, "u5mr_ci_upper95": 65.554, "u5mr_posterior_sd": 15.032, "province": "Sindh", "had_direct_data": true, "n_births_direct": 334, "ci_width": 57.233, "run_mode": "normal", "model_version": "hazard_v1_censoring_corrected", "population_2017": 1550390, "remoteness_proxy": 0.596, "norm_mortality_risk": 0.066, "norm_uncertainty": 0.099, "norm_geographic_accessibility_proxy": 0.596, "norm_population": 0.137, "priority_score": 0.189, "rank": 100, "relative_uncertainty": 1.945, "literacy_rate_pct": 47.263, "improved_water_pct": 69.98, "improved_sanitation_pct": 21.131, "deprivation_index": 0.731, "under5_share_pct": 15.022, "display_name": "Dadu" }, "geometry": { "type": "Polygon", "coordinates": [ [ [ 67.17398380000003, 27.447917647000054 ], [ 67.352364484000077, 27.35658703200005 ], [ 67.375772728000072, 27.38305321100006 ], [ 67.405015843000058, 27.378814491000071 ], [ 67.522582699000054, 27.314765799000043 ], [ 67.632400340000061, 27.324402461000034 ], [ 67.666659710000033, 27.301358699000048 ], [ 67.883002645000033, 27.321092478000025 ], [ 67.998163637000061, 27.298543562000077 ], [ 67.941089767000051, 27.202223541000023 ], [ 68.048249318000046, 27.129023621000044 ], [ 68.007389738000029, 27.070778831000041 ], [ 67.911136917000078, 27.056521805000045 ], [ 67.971381072000042, 27.018277236000074 ], [ 67.979821510000079, 26.986486300000024 ], [ 67.917046742000082, 26.966112531000078 ], [ 67.927474889000052, 26.924855161000039 ], [ 67.835288510000055, 26.86003108500006 ], [ 67.864579129000049, 26.765106371000059 ], [ 67.836244217000058, 26.709974227000032 ], [ 67.869338310000046, 26.660818513000038 ], [ 67.807594764000044, 26.597237067000037 ], [ 67.633324340000058, 26.558225961000062 ], [ 67.646346473000051, 26.468969568000034 ], [ 67.621873672000049, 26.401397870000039 ], [ 67.571328230000063, 26.331079488000057 ], [ 67.496793319000062, 26.336437664000073 ], [ 67.481881975000078, 26.162814820000051 ], [ 67.418236713000056, 26.095080065000047 ], [ 67.359323, 26.154578 ], [ 67.255157, 26.370801 ], [ 67.177427, 26.477334 ], [ 67.128896, 26.633977 ], [ 67.125739, 26.738932 ], [ 67.147046, 26.766157 ], [ 67.131658, 26.923589 ], [ 67.163618, 27.065633 ], [ 67.127317, 27.309081 ], [ 67.163223, 27.367477 ], [ 67.17398380000003, 27.447917647000054 ] ] ] } },
{ "type": "Feature", "properties": { "district_key": "DERA BUGTI DISTRICT", "area_sqkm": 10160, "census_population_2017": 313110, "u5mr_posterior_mean": 49.673, "u5mr_ci_lower95": 9.238, "u5mr_ci_upper95": 144.905, "u5mr_posterior_sd": 36.727, "province": "Balochistan", "had_direct_data": true, "n_births_direct": 359, "ci_width": 135.667, "run_mode": "normal", "model_version": "hazard_v1_censoring_corrected", "population_2017": 313110, "remoteness_proxy": 0.798, "norm_mortality_risk": 0.152, "norm_uncertainty": 0.387, "norm_geographic_accessibility_proxy": 0.798, "norm_population": 0.026, "priority_score": 0.339, "rank": 27, "relative_uncertainty": 2.731, "literacy_rate_pct": 26.546, "improved_water_pct": 28.61, "improved_sanitation_pct": 10.28, "deprivation_index": 0.776, "under5_share_pct": 23.911, "display_name": "Dera Bugti" }, "geometry": { "type": "Polygon", "coordinates": [ [ [ 69.600718, 29.525879 ], [ 69.563946, 29.451722 ], [ 69.567011, 29.407595 ], [ 69.612363, 29.422917 ], [ 69.657139220000033, 29.387983 ], [ 69.670009221000043, 29.365307 ], [ 69.636302220000061, 29.311988 ], [ 69.676138221000031, 29.298505 ], [ 69.684105220000049, 29.258056 ], [ 69.76448209800003, 29.295297817000062 ], [ 69.738650220000068, 29.224348 ], [ 69.749069220000081, 29.187576 ], [ 69.708007221000059, 29.09871 ], [ 69.652849220000064, 29.071131 ], [ 69.577429, 28.958976 ], [ 69.493467, 28.899528 ], [ 69.481209, 28.850499 ], [ 69.522884, 28.832113 ], [ 69.538819, 28.792889 ], [ 69.416245, 28.597385 ], [ 69.318799, 28.552033 ], [ 69.360841806000053, 28.451244893000023 ], [ 69.131036292000033, 28.439756871000043 ], [ 69.082019, 28.499615 ], [ 69.039797, 28.460579 ], [ 68.764952, 28.488462 ], [ 68.460632, 28.654962 ], [ 68.411239, 28.982385 ], [ 68.381763, 29.051694 ], [ 68.275809, 29.177565 ], [ 68.286165, 29.222974 ], [ 68.467005, 29.207041 ], [ 68.646975, 29.267116 ], [ 68.917952, 29.224449 ], [ 69.031732, 29.264122 ], [ 69.141021, 29.248402 ], [ 69.204648, 29.268613 ], [ 69.263784, 29.345715 ], [ 69.32816, 29.359937 ], [ 69.471134, 29.446021 ], [ 69.507065, 29.5089 ], [ 69.446432, 29.527614 ], [ 69.430712, 29.57103 ], [ 69.551978, 29.675828 ], [ 69.631967732000078, 29.665683450000074 ], [ 69.592751, 29.627614 ], [ 69.600718, 29.525879 ] ] ] } },
{ "type": "Feature", "properties": { "district_key": "DERA GHAZI KHAN DISTRICT", "area_sqkm": 11922, "census_population_2017": 2872631, "u5mr_posterior_mean": 73.298, "u5mr_ci_lower95": 38.22, "u5mr_ci_upper95": 118.752, "u5mr_posterior_sd": 20.76, "province": "Punjab", "had_direct_data": true, "n_births_direct": 336, "ci_width": 80.531, "run_mode": "normal", "model_version": "hazard_v1_censoring_corrected", "population_2017": 2872631, "remoteness_proxy": 0.573, "norm_mortality_risk": 0.253, "norm_uncertainty": 0.184, "norm_geographic_accessibility_proxy": 0.573, "norm_population": 0.257, "priority_score": 0.297, "rank": 40, "relative_uncertainty": 1.099, "literacy_rate_pct": 46.674, "improved_water_pct": 74.602, "improved_sanitation_pct": 21.166, "deprivation_index": 0.743, "under5_share_pct": 16.677, "display_name": "Dera Ghazi Khan" }, "geometry": { "type": "Polygon", "coordinates": [ [ [ 70.56303, 31.338522 ], [ 70.677667, 31.314004 ], [ 70.714113, 31.335209 ], [ 70.76736709000005, 31.305552420000026 ], [ 70.74049, 31.27098 ], [ 70.76616, 31.251728 ], [ 70.749825, 31.184638 ], [ 70.778994, 31.113464 ], [ 70.767336068000077, 30.982185256000037 ], [ 70.793579, 30.954782 ], [ 70.757992, 30.911611 ], [ 70.787745, 30.873107 ], [ 70.770827, 30.841021 ], [ 70.741074, 30.844521 ], [ 70.741657, 30.775097 ], [ 70.795749164000028, 30.75424109800008 ], [ 70.796217500000068, 30.625165 ], [ 70.817615, 30.576451 ], [ 70.793941, 30.551411 ], [ 70.793941, 30.469917 ], [ 70.824899500000072, 30.446243 ], [ 70.836281, 30.383415 ], [ 70.828997, 30.270508 ], [ 70.805323, 30.237729 ], [ 70.841745, 30.19812 ], [ 70.847663, 30.128008 ], [ 70.888958225000067, 30.051719651000042 ], [ 70.864963500000044, 29.96411 ], [ 70.887727, 29.943168 ], [ 70.833094500000072, 29.909478 ], [ 70.858134, 29.887625 ], [ 70.840834, 29.832537 ], [ 70.727471500000036, 29.707793 ], [ 70.725526449000029, 29.669131245000074 ], [ 70.686384, 29.785682 ], [ 70.633045, 29.811668 ], [ 70.581438693000052, 29.777841693000028 ], [ 70.53047, 29.661225 ], [ 70.426527, 29.618827 ], [ 70.369085, 29.721402 ], [ 70.18445, 29.741917 ], [ 70.096919, 29.811668 ], [ 69.935534, 29.85133 ], [ 69.878830853000068, 29.895271476000062 ], [ 69.933505, 30.025365 ], [ 69.972116, 30.060299 ], [ 70.021835622000083, 30.217806 ], [ 70.073852, 30.255191 ], [ 70.073239, 30.274189 ], [ 70.015017, 30.278479 ], [ 69.979470001000038, 30.249062 ], [ 69.986834044000034, 30.292575 ], [ 69.961084, 30.291963 ], [ 70.004699707000043, 30.453125 ], [ 70.088073730000076, 30.587280273000033 ], [ 70.103271484000061, 30.725891113000046 ], [ 70.154724121000072, 30.73327636700003 ], [ 70.16827392600004, 30.77429199200003 ], [ 70.218471424000029, 30.783879697000032 ], [ 70.22952, 30.838027 ], [ 70.269356003000041, 30.84047898700004 ], [ 70.253479004000042, 30.876708984000061 ], [ 70.268744, 31.035371 ], [ 70.294494629000042, 31.086303711000028 ], [ 70.288756493000051, 31.162369314000046 ], [ 70.404187, 31.198393 ], [ 70.451044, 31.286836 ], [ 70.56303, 31.338522 ] ] ] } },
{ "type": "Feature", "properties": { "district_key": "DERA ISMAIL KHAN DISTRICT", "area_sqkm": 7326, "census_population_2017": 1625088, "u5mr_posterior_mean": 87.699, "u5mr_ci_lower95": 47.447, "u5mr_ci_upper95": 140.439, "u5mr_posterior_sd": 24.304, "province": "Khyber Pakhtunkhwa", "had_direct_data": true, "n_births_direct": 818, "ci_width": 92.992, "run_mode": "normal", "model_version": "hazard_v1_censoring_corrected", "population_2017": 1625088, "remoteness_proxy": 0.583, "norm_mortality_risk": 0.315, "norm_uncertainty": 0.23, "norm_geographic_accessibility_proxy": 0.583, "norm_population": 0.144, "priority_score": 0.326, "rank": 32, "relative_uncertainty": 1.06, "literacy_rate_pct": 44.181, "improved_water_pct": 72.371, "improved_sanitation_pct": 37.131, "deprivation_index": 0.673, "under5_share_pct": 15.882, "display_name": "Dera Ismail Khan" }, "geometry": { "type": "Polygon", "coordinates": [ [ [ 71.299926758000083, 32.533325195000032 ], [ 71.350911, 32.496156 ], [ 71.344285, 32.415314 ], [ 71.326447720000033, 32.411338 ], [ 71.342297, 32.372905 ], [ 71.283322, 32.362965 ], [ 71.229648, 32.31658 ], [ 71.164709, 32.23375 ], [ 71.171335, 32.188691 ], [ 71.115673, 32.161522 ], [ 71.086517, 32.03562 ], [ 71.065312, 32.025018 ], [ 71.063987, 31.880562 ], [ 70.938085, 31.71689 ], [ 70.942687988000046, 31.685729980000076 ], [ 70.912902832000043, 31.687683105000076 ], [ 70.885092149000059, 31.636095641000054 ], [ 70.900329590000069, 31.586486816000047 ], [ 70.878448, 31.547254 ], [ 70.902303, 31.523399 ], [ 70.870496, 31.512796 ], [ 70.895676, 31.437918 ], [ 70.842002, 31.421352 ], [ 70.830078125000057, 31.376281738000046 ], [ 70.786341, 31.347799 ], [ 70.78369, 31.310028 ], [ 70.714113, 31.335209 ], [ 70.677667, 31.314004 ], [ 70.56303, 31.338522 ], [ 70.451044, 31.286836 ], [ 70.427189, 31.243101 ], [ 70.404659, 31.251716 ], [ 70.329781, 31.478339 ], [ 70.344359, 31.504182 ], [ 70.276769, 31.674481 ], [ 70.209843, 31.746046 ], [ 70.22177, 31.836828 ], [ 70.167648, 31.992409 ], [ 70.227205, 32.03235 ], [ 70.259725, 32.088448 ], [ 70.526391, 32.097391 ], [ 70.569481, 32.137228 ], [ 70.577611, 32.209585 ], [ 70.639399, 32.257553 ], [ 70.815008, 32.296577 ], [ 71.041837, 32.386821 ], [ 71.145901, 32.460804 ], [ 71.178422, 32.449422 ], [ 71.230812, 32.51026 ], [ 71.272719, 32.493506 ], [ 71.299926758000083, 32.533325195000032 ] ] ] } },
{ "type": "Feature", "properties": { "district_key": "FAISALABAD DISTRICT", "area_sqkm": 5857, "census_population_2017": 7882444, "u5mr_posterior_mean": 71.622, "u5mr_ci_lower95": 45.359, "u5mr_ci_upper95": 103.608, "u5mr_posterior_sd": 14.917, "province": "Punjab", "had_direct_data": true, "n_births_direct": 916, "ci_width": 58.249, "run_mode": "normal", "model_version": "hazard_v1_censoring_corrected", "population_2017": 7882444, "remoteness_proxy": 0.383, "norm_mortality_risk": 0.246, "norm_uncertainty": 0.103, "norm_geographic_accessibility_proxy": 0.383, "norm_population": 0.708, "priority_score": 0.277, "rank": 54, "relative_uncertainty": 0.813, "literacy_rate_pct": 69.835, "improved_water_pct": 67.824, "improved_sanitation_pct": 49.523, "deprivation_index": 0.317, "under5_share_pct": 12.307, "display_name": "Faisalabad" }, "geometry": { "type": "Polygon", "coordinates": [ [ [ 73.21417625600003, 31.77536851900004 ], [ 73.296838, 31.764571 ], [ 73.293355, 31.736487 ], [ 73.370904, 31.71995 ], [ 73.378317, 31.654946 ], [ 73.454725, 31.624725 ], [ 73.453585, 31.567704 ], [ 73.490649, 31.533491 ], [ 73.466157223000039, 31.472503110000048 ], [ 73.515157223000074, 31.424603110000078 ], [ 73.585303, 31.45024 ], [ 73.67545722300008, 31.446303110000031 ], [ 73.68395, 31.382955 ], [ 73.653157223000051, 31.280303110000034 ], [ 73.532274, 31.187943 ], [ 73.460997, 31.172547 ], [ 73.396564, 31.066488 ], [ 73.403263999000046, 30.999071 ], [ 73.32443, 30.986013 ], [ 73.215611, 30.904761 ], [ 73.193847, 30.922172 ], [ 73.174018, 30.837051 ], [ 73.136777, 30.869455 ], [ 73.14113, 30.831247 ], [ 73.115497, 30.807549 ], [ 72.947673, 30.75725 ], [ 72.912367, 30.673096 ], [ 72.866421, 30.692442 ], [ 72.78662, 30.677932 ], [ 72.839337, 30.728231 ], [ 72.792424, 30.751446 ], [ 72.742608, 30.738388 ], [ 72.740674, 30.785785 ], [ 72.772111, 30.801261 ], [ 72.772111, 30.8356 ], [ 72.705368, 30.88735 ], [ 72.771730423000065, 30.944520950000026 ], [ 72.820636132000061, 31.031716179000057 ], [ 72.822509766000053, 31.067061626000054 ], [ 72.741319132000058, 31.087335179000036 ], [ 72.780977132000032, 31.119255179000049 ], [ 72.77913148500005, 31.196771727000055 ], [ 72.859811132000061, 31.278374179000025 ], [ 72.809902262000037, 31.332197050000048 ], [ 72.824076256000069, 31.394568519000075 ], [ 72.892976256000054, 31.499868519000074 ], [ 73.048676256000078, 31.578568519000044 ], [ 73.21417625600003, 31.77536851900004 ] ] ] } },
{ "type": "Feature", "properties": { "district_key": "FR BANNU DISTRICT", "area_sqkm": 745, "census_population_2017": 43112, "u5mr_posterior_mean": 28.434, "u5mr_ci_lower95": 2.05, "u5mr_ci_upper95": 112.321, "u5mr_posterior_sd": 30.103, "province": "Fata", "had_direct_data": true, "n_births_direct": 656, "ci_width": 110.271, "run_mode": "normal", "model_version": "hazard_v1_censoring_corrected", "population_2017": 43112, "remoteness_proxy": 0.73, "norm_mortality_risk": 0.061, "norm_uncertainty": 0.294, "norm_geographic_accessibility_proxy": 0.73, "norm_population": 0.002, "priority_score": 0.259, "rank": 65, "relative_uncertainty": 3.878, "literacy_rate_pct": 18.691, "improved_water_pct": 9.734, "improved_sanitation_pct": 11.905, "deprivation_index": 0.858, "under5_share_pct": 17.747, "display_name": "Fr Bannu" }, "geometry": { "type": "Polygon", "coordinates": [ [ [ 70.627969, 33.261118452000062 ], [ 70.692321777000075, 33.254272461000028 ], [ 70.679077148000033, 33.244873047000056 ], [ 70.70351, 33.21711 ], [ 70.824111, 33.209821 ], [ 70.872484, 33.168737 ], [ 70.716763, 33.057413 ], [ 70.523272, 33.053438 ], [ 70.376828, 32.824826 ], [ 70.381618676000073, 32.76707873600003 ], [ 70.314755929000057, 32.763018227000032 ], [ 70.261390777000031, 32.730043825000052 ], [ 70.325411808000069, 32.791801641000063 ], [ 70.356857687000058, 32.911960517000068 ], [ 70.407417560000056, 32.969697468000049 ], [ 70.390594771000053, 32.98307003900004 ], [ 70.421930470000063, 33.070995820000064 ], [ 70.498482488000036, 33.124876334000078 ], [ 70.486208171000044, 33.152185536000047 ], [ 70.518987625000079, 33.191246767000052 ], [ 70.618296808000082, 33.231278819000067 ], [ 70.627969, 33.261118452000062 ] ] ] } },
{ "type": "Feature", "properties": { "district_key": "FR D.I.KHAN DISTRICT", "area_sqkm": 2008, "census_population_2017": 68506, "u5mr_posterior_mean": 31.111, "u5mr_ci_lower95": 2.161, "u5mr_ci_upper95": 120.54, "u5mr_posterior_sd": 35.368, "province": "Fata", "had_direct_data": false, "n_births_direct": 0, "ci_width": 118.379, "run_mode": "normal", "model_version": "hazard_v1_censoring_corrected", "population_2017": 68506, "remoteness_proxy": 0.787, "norm_mortality_risk": 0.073, "norm_uncertainty": 0.324, "norm_geographic_accessibility_proxy": 0.787, "norm_population": 0.004, "priority_score": 0.284, "rank": 50, "relative_uncertainty": 3.805, "literacy_rate_pct": 20.939, "improved_water_pct": 11.439, "improved_sanitation_pct": 8.066, "deprivation_index": 0.914, "under5_share_pct": 20.201, "display_name": "Fr D.I.Khan" }, "geometry": { "type": "Polygon", "coordinates": [ [ [ 69.976629537000065, 31.898798816000067 ], [ 70.058720940000057, 31.853113165000025 ], [ 70.153768508000041, 31.849222747000056 ], [ 70.213252435000072, 31.814810967000028 ], [ 70.209843, 31.746046 ], [ 70.276769, 31.674481 ], [ 70.344359, 31.504182 ], [ 70.329781, 31.478339 ], [ 70.391406, 31.274908 ], [ 70.425614944000074, 31.24370288700004 ], [ 70.404187, 31.198393 ], [ 70.288756493000051, 31.162369314000046 ], [ 70.269113633000075, 31.184682924000072 ], [ 70.279479980000076, 31.421691895000038 ], [ 70.255920410000044, 31.505310059000067 ], [ 70.153686523000033, 31.431884766000053 ], [ 70.116882324000073, 31.425292969000054 ], [ 70.103698730000076, 31.449279785000044 ], [ 70.05613, 31.384975 ], [ 70.011002, 31.51073 ], [ 69.955044, 31.522162 ], [ 69.957451, 31.782697 ], [ 69.938799, 31.850689 ], [ 69.976629537000065, 31.898798816000067 ] ] ] } },
{ "type": "Feature", "properties": { "district_key": "FR KOHAT DISTRICT", "area_sqkm": 446, "census_population_2017": 118839, "u5mr_posterior_mean": 26.395, "u5mr_ci_lower95": 1.89, "u5mr_ci_upper95": 108.374, "u5mr_posterior_sd": 29.423, "province": "Fata", "had_direct_data": false, "n_births_direct": 0, "ci_width": 106.484, "run_mode": "normal", "model_version": "hazard_v1_censoring_corrected", "population_2017": 118839, "remoteness_proxy": 0.562, "norm_mortality_risk": 0.053, "norm_uncertainty": 0.28, "norm_geographic_accessibility_proxy": 0.562, "norm_population": 0.008, "priority_score": 0.218, "rank": 85, "relative_uncertainty": 4.034, "literacy_rate_pct": 52.655, "improved_water_pct": 44.367, "improved_sanitation_pct": 45.66, "deprivation_index": 0.524, "under5_share_pct": 14.687, "display_name": "Fr Kohat" }, "geometry": { "type": "Polygon", "coordinates": [ [ [ 71.354089266000074, 33.764214080000045 ], [ 71.503020668000033, 33.751335612000048 ], [ 71.584288005000076, 33.679056154000079 ], [ 71.702642393000076, 33.708637612000075 ], [ 71.687052165000068, 33.658183522000058 ], [ 71.75192578900004, 33.692504867000025 ], [ 71.841265, 33.629273 ], [ 71.756447, 33.576262 ], [ 71.602050805000033, 33.543136498000024 ], [ 71.566932, 33.579575 ], [ 71.593437, 33.582888 ], [ 71.634521, 33.643851 ], [ 71.408561, 33.645176 ], [ 71.411620714000037, 33.680097567000075 ], [ 71.352714779000053, 33.72766775100007 ], [ 71.354089266000074, 33.764214080000045 ] ] ] } },
{ "type": "Feature", "properties": { "district_key": "FR LAKKI MARWAT DISTRICT", "area_sqkm": 132, "census_population_2017": 26394, "u5mr_posterior_mean": 26.871, "u5mr_ci_lower95": 1.938, "u5mr_ci_upper95": 108.796, "u5mr_posterior_sd": 31.148, "province": "Fata", "had_direct_data": false, "n_births_direct": 0, "ci_width": 106.859, "run_mode": "normal", "model_version": "hazard_v1_censoring_corrected", "population_2017": 26394, "remoteness_proxy": 0.594, "norm_mortality_risk": 0.055, "norm_uncertainty": 0.281, "norm_geographic_accessibility_proxy": 0.594, "norm_population": 0.0, "priority_score": 0.225, "rank": 83, "relative_uncertainty": 3.977, "literacy_rate_pct": 20.371, "improved_water_pct": 12.621, "improved_sanitation_pct": 6.538, "deprivation_index": 0.87, "under5_share_pct": 18.197, "display_name": "Fr Lakki Marwat" }, "geometry": { "type": "Polygon", "coordinates": [ [ [ 70.399358, 32.726093 ], [ 70.498983330000044, 32.600523066000051 ], [ 70.32205233500008, 32.583131114000025 ], [ 70.283730829000035, 32.639418339000031 ], [ 70.346103782000057, 32.705522066000071 ], [ 70.399358, 32.726093 ] ] ] } },
{ "type": "Feature", "properties": { "district_key": "FR PESHAWAR DISTRICT", "area_sqkm": 261, "census_population_2017": 64761, "u5mr_posterior_mean": 26.738, "u5mr_ci_lower95": 1.851, "u5mr_ci_upper95": 104.787, "u5mr_posterior_sd": 29.573, "province": "Fata", "had_direct_data": false, "n_births_direct": 0, "ci_width": 102.936, "run_mode": "normal", "model_version": "hazard_v1_censoring_corrected", "population_2017": 64761, "remoteness_proxy": 0.57, "norm_mortality_risk": 0.054, "norm_uncertainty": 0.267, "norm_geographic_accessibility_proxy": 0.57, "norm_population": 0.003, "priority_score": 0.216, "rank": 87, "relative_uncertainty": 3.85, "literacy_rate_pct": 53.46, "improved_water_pct": 46.621, "improved_sanitation_pct": 21.487, "deprivation_index": 0.58, "under5_share_pct": 14.449, "display_name": "Fr Peshawar" }, "geometry": { "type": "Polygon", "coordinates": [ [ [ 71.856506, 33.745898 ], [ 71.801464899000052, 33.67278648000007 ], [ 71.749470185000064, 33.69244776000005 ], [ 71.689878965000048, 33.657184148000056 ], [ 71.702642393000076, 33.708637612000075 ], [ 71.584716308000054, 33.679056154000079 ], [ 71.545398095000053, 33.705382510000049 ], [ 71.543238742000028, 33.729608297000027 ], [ 71.599401, 33.731982 ], [ 71.714038, 33.787644 ], [ 71.749158, 33.848607 ], [ 71.757772, 33.813487 ], [ 71.790242, 33.784994 ], [ 71.841265, 33.782343 ], [ 71.856506, 33.745898 ] ] ] } },
{ "type": "Feature", "properties": { "district_key": "FR TANK DISTRICT", "area_sqkm": 1221, "census_population_2017": 36418, "u5mr_posterior_mean": 22.655, "u5mr_ci_lower95": 1.787, "u5mr_ci_upper95": 82.671, "u5mr_posterior_sd": 22.59, "province": "Fata", "had_direct_data": true, "n_births_direct": 204, "ci_width": 80.885, "run_mode": "normal", "model_version": "hazard_v1_censoring_corrected", "population_2017": 36418, "remoteness_proxy": 0.802, "norm_mortality_risk": 0.037, "norm_uncertainty": 0.186, "norm_geographic_accessibility_proxy": 0.802, "norm_population": 0.001, "priority_score": 0.231, "rank": 77, "relative_uncertainty": 3.57, "literacy_rate_pct": 36.836, "improved_water_pct": 26.336, "improved_sanitation_pct": 13.824, "deprivation_index": 0.874, "under5_share_pct": 17.472, "display_name": "Fr Tank" }, "geometry": { "type": "Polygon", "coordinates": [ [ [ 70.283730829000035, 32.639418339000031 ], [ 70.319577696000067, 32.58503468300006 ], [ 70.35822014200005, 32.574588850000055 ], [ 70.498983330000044, 32.600523066000051 ], [ 70.545802, 32.57236 ], [ 70.601464, 32.472301 ], [ 70.557067, 32.463687 ], [ 70.485501, 32.513385 ], [ 70.298637, 32.300014 ], [ 70.20918, 32.31393 ], [ 70.166771, 32.248991 ], [ 70.095675239000059, 32.213417928000069 ], [ 70.053963686000031, 32.26077409100003 ], [ 70.114259227000048, 32.376963170000067 ], [ 70.088751406000029, 32.405112193000036 ], [ 70.111832177000053, 32.524061446000076 ], [ 70.199420135000082, 32.625949965000075 ], [ 70.225855946000081, 32.609484095000028 ], [ 70.283730829000035, 32.639418339000031 ] ] ] } },
{ "type": "Feature", "properties": { "district_key": "GHOTKI DISTRICT", "area_sqkm": 6083, "census_population_2017": 1648708, "u5mr_posterior_mean": 114.58, "u5mr_ci_lower95": 64.377, "u5mr_ci_upper95": 178.472, "u5mr_posterior_sd": 29.616, "province": "Sindh", "had_direct_data": true, "n_births_direct": 476, "ci_width": 114.095, "run_mode": "normal", "model_version": "hazard_v1_censoring_corrected", "population_2017": 1648708, "remoteness_proxy": 0.561, "norm_mortality_risk": 0.43, "norm_uncertainty": 0.308, "norm_geographic_accessibility_proxy": 0.561, "norm_population": 0.146, "priority_score": 0.391, "rank": 11, "relative_uncertainty": 0.996, "literacy_rate_pct": 40.879, "improved_water_pct": 89.28, "improved_sanitation_pct": 19.168, "deprivation_index": 0.703, "under5_share_pct": 16.388, "display_name": "Ghotki" }, "geometry": { "type": "Polygon", "coordinates": [ [ [ 69.811545, 28.361431 ], [ 69.855671, 28.194731 ], [ 69.842188, 28.140186 ], [ 69.882024, 28.075835 ], [ 69.994179, 27.939778 ], [ 70.177194410000084, 27.846447370000078 ], [ 70.126368, 27.792647 ], [ 70.030309, 27.561876 ], [ 69.935991, 27.497813 ], [ 69.884509, 27.422333 ], [ 69.771929898000053, 27.330069566000077 ], [ 69.531014, 27.463893 ], [ 69.55039, 27.528482 ], [ 69.443819, 27.517717 ], [ 69.335095, 27.543553 ], [ 69.217759, 27.675959 ], [ 69.154246, 27.695336 ], [ 69.156399, 27.724401 ], [ 69.197306, 27.72763 ], [ 69.200535, 27.747007 ], [ 69.233906, 27.72763 ], [ 69.271583, 27.742701 ], [ 69.165011, 27.977373 ], [ 69.199172, 28.005406 ], [ 69.226415, 28.099245 ], [ 69.32865, 28.126469 ], [ 69.373323, 28.166007 ], [ 69.430319, 28.149576 ], [ 69.488719007000043, 28.203737846000024 ], [ 69.520807712000078, 28.17782393300007 ], [ 69.524787353000079, 28.137778364000042 ], [ 69.55126591800007, 28.129959333000045 ], [ 69.578318514000046, 28.200917937000042 ], [ 69.525773122000032, 28.221720816000072 ], [ 69.520177, 28.271784 ], [ 69.594118, 28.256379 ], [ 69.603804788000048, 28.23184425900007 ], [ 69.693266569000059, 28.263886100000036 ], [ 69.741924366000035, 28.253418684000053 ], [ 69.747632058000079, 28.313875469000038 ], [ 69.712731, 28.29335 ], [ 69.650279873000045, 28.345472544000074 ], [ 69.703733942000042, 28.389604614000064 ], [ 69.750892236000084, 28.405010827000069 ], [ 69.811545, 28.361431 ] ] ] } },
{ "type": "Feature", "properties": { "district_key": "GUJRANWALA DISTRICT", "area_sqkm": 3622, "census_population_2017": 5011066, "u5mr_posterior_mean": 53.05, "u5mr_ci_lower95": 30.824, "u5mr_ci_upper95": 81.572, "u5mr_posterior_sd": 13.027, "province": "Punjab", "had_direct_data": true, "n_births_direct": 633, "ci_width": 50.748, "run_mode": "normal", "model_version": "hazard_v1_censoring_corrected", "population_2017": 5011066, "remoteness_proxy": 0.38, "norm_mortality_risk": 0.167, "norm_uncertainty": 0.075, "norm_geographic_accessibility_proxy": 0.38, "norm_population": 0.449, "priority_score": 0.21, "rank": 93, "relative_uncertainty": 0.957, "literacy_rate_pct": 75.159, "improved_water_pct": 93.115, "improved_sanitation_pct": 63.526, "deprivation_index": 0.273, "under5_share_pct": 12.363, "display_name": "Gujranwala" }, "geometry": { "type": "Polygon", "coordinates": [ [ [ 74.211572002000082, 32.552713939000057 ], [ 74.19922450100006, 32.448047 ], [ 74.246543, 32.278061 ], [ 74.328443, 32.244209001000058 ], [ 74.331354992000058, 32.205261603000054 ], [ 74.380256813000074, 32.169473587000027 ], [ 74.490421001000072, 32.149934001000076 ], [ 74.513716, 32.078591 ], [ 74.576837846000046, 32.058772730000044 ], [ 74.362658, 31.887857 ], [ 74.219244, 31.888585 ], [ 74.128974, 31.817606 ], [ 74.034407215000044, 31.839824647000057 ], [ 73.991382, 31.82707 ], [ 73.97762371500005, 31.852928147000057 ], [ 73.898199, 31.841266 ], [ 73.85350171500005, 31.903523647000043 ], [ 73.880801215000076, 31.943563147000077 ], [ 73.809095583000044, 31.980850882000027 ], [ 73.830907353000043, 32.051305647000049 ], [ 73.796355715000061, 32.071325647000037 ], [ 73.806838500000083, 32.139014 ], [ 73.730399500000033, 32.207445 ], [ 73.678519102000052, 32.342128669000033 ], [ 73.730411500000059, 32.361746 ], [ 73.759351500000037, 32.343224500000076 ], [ 73.849066500000049, 32.395317 ], [ 73.979298, 32.414996500000029 ], [ 74.173776, 32.546964500000058 ], [ 74.211572002000082, 32.552713939000057 ] ] ] } },
{ "type": "Feature", "properties": { "district_key": "GUJRAT DISTRICT", "area_sqkm": 3192, "census_population_2017": 2756289, "u5mr_posterior_mean": 29.727, "u5mr_ci_lower95": 14.286, "u5mr_ci_upper95": 50.934, "u5mr_posterior_sd": 9.439, "province": "Punjab", "had_direct_data": true, "n_births_direct": 796, "ci_width": 36.648, "run_mode": "normal", "model_version": "hazard_v1_censoring_corrected", "population_2017": 2756289, "remoteness_proxy": 0.433, "norm_mortality_risk": 0.067, "norm_uncertainty": 0.023, "norm_geographic_accessibility_proxy": 0.433, "norm_population": 0.246, "priority_score": 0.145, "rank": 126, "relative_uncertainty": 1.233, "literacy_rate_pct": 78.677, "improved_water_pct": 84.962, "improved_sanitation_pct": 45.636, "deprivation_index": 0.281, "under5_share_pct": 11.751, "display_name": "Gujrat" }, "geometry": { "type": "Polygon", "coordinates": [ [ [ 73.904332, 33.039172 ], [ 74.00099, 32.954384 ], [ 74.341251340000042, 32.809681328000067 ], [ 74.37175134000006, 32.769581328000072 ], [ 74.430251340000041, 32.783881328000064 ], [ 74.462026, 32.690509 ], [ 74.350316, 32.596163 ], [ 74.173776, 32.546964500000058 ], [ 74.079430500000058, 32.468247 ], [ 74.058594, 32.484453500000029 ], [ 74.001871, 32.425994 ], [ 73.891901, 32.397632 ], [ 73.857172, 32.469404 ], [ 73.795819, 32.500081 ], [ 73.79525134000005, 32.569581328000027 ], [ 73.743751340000074, 32.582281328000079 ], [ 73.592089157000032, 32.746054713000035 ], [ 73.659419, 32.870564 ], [ 73.790537, 32.975276 ], [ 73.782885, 33.018863 ], [ 73.904332, 33.039172 ] ] ] } },
{ "type": "Feature", "properties": { "district_key": "GWADAR DISTRICT", "area_sqkm": 12637, "census_population_2017": 262253, "u5mr_posterior_mean": 46.8, "u5mr_ci_lower95": 8.485, "u5mr_ci_upper95": 138.935, "u5mr_posterior_sd": 35.198, "province": "Balochistan", "had_direct_data": true, "n_births_direct": 420, "ci_width": 130.45, "run_mode": "normal", "model_version": "hazard_v1_censoring_corrected", "population_2017": 262253, "remoteness_proxy": 0.84, "norm_mortality_risk": 0.14, "norm_uncertainty": 0.368, "norm_geographic_accessibility_proxy": 0.84, "norm_population": 0.021, "priority_score": 0.337, "rank": 28, "relative_uncertainty": 2.787, "literacy_rate_pct": 51.971, "improved_water_pct": 60.614, "improved_sanitation_pct": 12.035, "deprivation_index": 0.682, "under5_share_pct": 13.231, "display_name": "Gwadar" }, "geometry": { "type": "Polygon", "coordinates": [ [ [ 62.04254426600005, 25.770797 ], [ 62.078332, 25.674012 ], [ 62.074216, 25.617411 ], [ 62.117438, 25.572131 ], [ 62.063925, 25.544345 ], [ 62.065983, 25.503181 ], [ 62.11538, 25.475395 ], [ 62.394266, 25.553607 ], [ 62.845013, 25.556694 ], [ 62.963359, 25.597859 ], [ 63.045688, 25.526851 ], [ 63.347215, 25.498036 ], [ 63.440863, 25.417766 ], [ 63.412048, 25.361165 ], [ 63.58185, 25.468192 ], [ 63.775321, 25.552578 ], [ 64.00584, 25.614324 ], [ 64.053178, 25.614324 ], [ 64.126245, 25.557724 ], [ 64.171528, 25.556631 ], [ 64.132755, 25.469926 ], [ 64.280785, 25.463651 ], [ 64.373085, 25.433145 ], [ 64.50215, 25.496504 ], [ 65.172503, 25.603667 ], [ 65.206784967000033, 25.564771988000075 ], [ 65.207638038000027, 25.383802039000045 ], [ 65.240799043000038, 25.350092335000056 ], [ 65.225238, 25.316475 ], [ 65.182746, 25.303954 ], [ 64.887667, 25.326391 ], [ 64.715016, 25.311256 ], [ 64.638926, 25.242807 ], [ 64.642479, 25.209424 ], [ 64.694824, 25.184631 ], [ 64.588113, 25.154991 ], [ 64.575876, 25.178164 ], [ 64.618159, 25.211762 ], [ 64.567362, 25.263485 ], [ 64.513385, 25.273346 ], [ 64.474147, 25.245037 ], [ 64.398435, 25.238809 ], [ 64.228662, 25.310664 ], [ 64.101248602000055, 25.323475173000077 ], [ 64.100545, 25.357421 ], [ 64.13094, 25.365587 ], [ 64.091019, 25.390538 ], [ 64.147725, 25.399157 ], [ 64.176566, 25.452174 ], [ 64.027988, 25.469668 ], [ 63.972162, 25.409591 ], [ 63.993484, 25.385094 ], [ 64.042478, 25.402332 ], [ 64.058844, 25.326663 ], [ 63.716597, 25.382847 ], [ 63.589754, 25.373115 ], [ 63.507926, 25.333582 ], [ 63.468451, 25.285593 ], [ 63.477906, 25.24197 ], [ 63.509025, 25.224383 ], [ 63.495879, 25.20579 ], [ 63.128372, 25.257761 ], [ 63.007305, 25.211115 ], [ 62.540257, 25.268564 ], [ 62.476629, 25.258384 ], [ 62.458704, 25.237553 ], [ 62.474188, 25.223551 ], [ 62.352464, 25.180609 ], [ 62.327789, 25.122833 ], [ 62.384661, 25.104309 ], [ 62.374562, 25.094586 ], [ 62.258618, 25.104302 ], [ 62.316521, 25.119795 ], [ 62.303273, 25.176844 ], [ 62.247963, 25.211697 ], [ 62.152885, 25.218088 ], [ 62.058938, 25.174844 ], [ 62.089889, 25.101224 ], [ 61.901189, 25.107179 ], [ 61.863717, 25.090617 ], [ 61.850886, 25.035573 ], [ 61.736781, 25.019754 ], [ 61.736377, 25.07192 ], [ 61.769336, 25.092391 ], [ 61.755794, 25.131606 ], [ 61.618322, 25.176136 ], [ 61.653208, 25.311719 ], [ 61.69143, 25.693834 ], [ 61.727285416000029, 25.718938420000029 ], [ 61.959603, 25.661156 ], [ 62.04254426600005, 25.770797 ] ] ] } },
{ "type": "Feature", "properties": { "district_key": "HAFIZABAD DISTRICT", "area_sqkm": 2367, "census_population_2017": 1156954, "u5mr_posterior_mean": 64.552, "u5mr_ci_lower95": 22.343, "u5mr_ci_upper95": 132.4, "u5mr_posterior_sd": 29.502, "province": "Punjab", "had_direct_data": true, "n_births_direct": 314, "ci_width": 110.058, "run_mode": "normal", "model_version": "hazard_v1_censoring_corrected", "population_2017": 1156954, "remoteness_proxy": 0.495, "norm_mortality_risk": 0.216, "norm_uncertainty": 0.293, "norm_geographic_accessibility_proxy": 0.495, "norm_population": 0.102, "priority_score": 0.284, "rank": 51, "relative_uncertainty": 1.705, "literacy_rate_pct": 61.803, "improved_water_pct": 93.043, "improved_sanitation_pct": 38.801, "deprivation_index": 0.425, "under5_share_pct": 12.793, "display_name": "Hafizabad" }, "geometry": { "type": "Polygon", "coordinates": [ [ [ 73.713655999000082, 32.244209011000066 ], [ 73.806838500000083, 32.139014 ], [ 73.796355715000061, 32.071325647000037 ], [ 73.830907353000043, 32.051305647000049 ], [ 73.809095600000035, 31.980877103000068 ], [ 73.692179, 31.888949 ], [ 73.606276, 31.867473 ], [ 73.559321, 31.889313 ], [ 73.560049, 31.843086 ], [ 73.522193167000069, 31.805958502000067 ], [ 73.462498, 31.839082 ], [ 73.449394, 31.805594 ], [ 73.404623, 31.823066 ], [ 73.299792, 31.764099 ], [ 73.245921, 31.763735 ], [ 73.203776256000083, 31.826968519000047 ], [ 73.159776256000043, 31.848868519000064 ], [ 73.190387, 31.946162 ], [ 73.235534, 31.987837 ], [ 73.233798, 32.030668 ], [ 73.310192962000031, 32.122090841000045 ], [ 73.439274, 32.186367 ], [ 73.53362, 32.27724 ], [ 73.678519250000079, 32.342127991000041 ], [ 73.713655999000082, 32.244209011000066 ] ] ] } },
{ "type": "Feature", "properties": { "district_key": "HANGU DISTRICT", "area_sqkm": 1097, "census_population_2017": 518811, "u5mr_posterior_mean": 49.013, "u5mr_ci_lower95": 8.475, "u5mr_ci_upper95": 148.29, "u5mr_posterior_sd": 37.79, "province": "Khyber Pakhtunkhwa", "had_direct_data": true, "n_births_direct": 179, "ci_width": 139.815, "run_mode": "normal", "model_version": "hazard_v1_censoring_corrected", "population_2017": 518811, "remoteness_proxy": 0.499, "norm_mortality_risk": 0.149, "norm_uncertainty": 0.402, "norm_geographic_accessibility_proxy": 0.499, "norm_population": 0.044, "priority_score": 0.285, "rank": 47, "relative_uncertainty": 2.853, "literacy_rate_pct": 43.589, "improved_water_pct": 40.175, "improved_sanitation_pct": 44.359, "deprivation_index": 0.757, "under5_share_pct": 15.944, "display_name": "Hangu" }, "geometry": { "type": "Polygon", "coordinates": [ [ [ 71.187596080000048, 33.598691046000056 ], [ 71.226694, 33.580632 ], [ 71.188456, 33.537391 ], [ 71.209183, 33.508088 ], [ 71.157723, 33.508802 ], [ 71.136996940000074, 33.474862395000059 ], [ 71.104834, 33.475568 ], [ 71.116984, 33.415174 ], [ 71.060163, 33.396948 ], [ 71.04837, 33.361569 ], [ 70.910071, 33.354422 ], [ 70.883984, 33.313683 ], [ 70.770324707000043, 33.333129883000026 ], [ 70.757507142000065, 33.215087871000037 ], [ 70.70351, 33.21711 ], [ 70.679077148000033, 33.244873047000056 ], [ 70.692321777000075, 33.254272461000028 ], [ 70.580259, 33.283374 ], [ 70.535862, 33.364879 ], [ 70.50008, 33.385421 ], [ 70.50008, 33.41524 ], [ 70.580922, 33.419878 ], [ 70.625319, 33.47554 ], [ 70.742675781000059, 33.482910156000059 ], [ 70.748718262000068, 33.582275391000053 ], [ 71.008325, 33.546443 ], [ 71.060011, 33.582225 ], [ 71.187596080000048, 33.598691046000056 ] ] ] } },
{ "type": "Feature", "properties": { "district_key": "HARIPUR DISTRICT", "area_sqkm": 1725, "census_population_2017": 1001515, "u5mr_posterior_mean": 87.114, "u5mr_ci_lower95": 42.351, "u5mr_ci_upper95": 148.532, "u5mr_posterior_sd": 27.418, "province": "Khyber Pakhtunkhwa", "had_direct_data": true, "n_births_direct": 394, "ci_width": 106.181, "run_mode": "normal", "model_version": "hazard_v1_censoring_corrected", "population_2017": 1001515, "remoteness_proxy": 0.476, "norm_mortality_risk": 0.313, "norm_uncertainty": 0.279, "norm_geographic_accessibility_proxy": 0.476, "norm_population": 0.088, "priority_score": 0.313, "rank": 35, "relative_uncertainty": 1.219, "literacy_rate_pct": 72.205, "improved_water_pct": 70.717, "improved_sanitation_pct": 42.639, "deprivation_index": 0.444, "under5_share_pct": 12.74, "display_name": "Haripur" }, "geometry": { "type": "MultiPolygon", "coordinates": [ [ [ [ 72.764444, 34.365738 ], [ 72.836241, 34.351046 ], [ 72.865625, 34.323603 ], [ 72.853428, 34.301149 ], [ 72.905265, 34.255133 ], [ 72.992571, 34.215825 ], [ 72.979834, 34.094629 ], [ 73.025019, 34.095184 ], [ 73.037771, 34.047227 ], [ 73.15110340800004, 34.006194265000033 ], [ 73.134239, 33.957966 ], [ 73.100955025000076, 33.93884848700003 ], [ 73.098479, 33.896703 ], [ 73.195225, 33.914722 ], [ 73.21983300100004, 33.817553 ], [ 73.050583, 33.785656 ], [ 72.948537, 33.729995 ], [ 72.829262, 33.767765 ], [ 72.826611, 33.803548 ], [ 72.870345, 33.814813 ], [ 72.820647, 33.825415 ], [ 72.835888, 33.88704 ], [ 72.791491, 33.88836599800004 ], [ 72.770948999000041, 33.951317 ], [ 72.699384, 33.8718 ], [ 72.606615, 33.87445 ], [ 72.654325, 33.926136 ], [ 72.551614999000037, 33.961256 ], [ 72.547491, 33.99013 ], [ 72.63277, 34.017843 ], [ 72.754464, 34.122073 ], [ 72.770819, 34.263726 ], [ 72.738940036000031, 34.304752963000055 ], [ 72.712811, 34.303488 ], [ 72.764444, 34.365738 ] ] ], [ [ [ 72.983767226000055, 34.260636877000024 ], [ 73.003543458000081, 34.249184685000046 ], [ 72.971436705000031, 34.242406979000066 ], [ 72.983767226000055, 34.260636877000024 ] ] ] ] } },
{ "type": "Feature", "properties": { "district_key": "HARNAI DISTRICT", "area_sqkm": 2492, "census_population_2017": 97052, "u5mr_posterior_mean": 66.04, "u5mr_ci_lower95": 10.59, "u5mr_ci_upper95": 205.995, "u5mr_posterior_sd": 53.993, "province": "Balochistan", "had_direct_data": false, "n_births_direct": 0, "ci_width": 195.404, "run_mode": "normal", "model_version": "hazard_v1_censoring_corrected", "population_2017": 97052, "remoteness_proxy": 0.773, "norm_mortality_risk": 0.222, "norm_uncertainty": 0.607, "norm_geographic_accessibility_proxy": 0.773, "norm_population": 0.006, "priority_score": 0.426, "rank": 7, "relative_uncertainty": 2.959, "literacy_rate_pct": 36.243, "improved_water_pct": 25.703, "improved_sanitation_pct": 17.818, "deprivation_index": 0.706, "under5_share_pct": 16.714, "display_name": "Harnai" }, "geometry": { "type": "Polygon", "coordinates": [ [ [ 67.895897, 30.325506 ], [ 68.091084, 30.264465 ], [ 68.226610016000052, 30.137535498000034 ], [ 68.380641689000072, 30.058008560000076 ], [ 68.413423621000049, 30.011043438000058 ], [ 68.400134985000079, 29.93543 ], [ 68.251669, 29.930718 ], [ 68.063228, 29.888319 ], [ 68.056162, 29.842387 ], [ 67.973719, 29.794099 ], [ 67.974897, 29.745811 ], [ 67.894809, 29.690456 ], [ 67.88892, 29.7199 ], [ 68.012585, 29.915408 ], [ 68.012585, 29.960162 ], [ 67.977252, 30.011984 ], [ 67.92072, 30.02965 ], [ 67.779389, 30.013161 ], [ 67.764078, 30.024939 ], [ 67.793530980000071, 30.047267994000038 ], [ 67.7841, 30.06616 ], [ 67.686346, 30.123871 ], [ 67.566215, 30.095604 ], [ 67.535593, 30.037894 ], [ 67.459065881000072, 30.032035971000028 ], [ 67.431965881000053, 30.047335971000052 ], [ 67.406732655000042, 30.183141070000033 ], [ 67.301817, 30.177163 ], [ 67.274136, 30.253109 ], [ 67.252843, 30.226847 ], [ 67.221334120000051, 30.231259797000064 ], [ 67.308932655000035, 30.338941070000033 ], [ 67.437237672000037, 30.305638378000026 ], [ 67.494865881000067, 30.315535971000031 ], [ 67.57933836400008, 30.273692 ], [ 67.744005, 30.325505 ], [ 67.754624995000029, 30.384367994000058 ], [ 67.866796, 30.363123 ], [ 67.895897, 30.325506 ] ] ] } },
{ "type": "Feature", "properties": { "district_key": "HYDERABAD DISTRICT", "area_sqkm": 993, "census_population_2017": 2199928, "u5mr_posterior_mean": 39.363, "u5mr_ci_lower95": 10.437, "u5mr_ci_upper95": 93.934, "u5mr_posterior_sd": 21.717, "province": "Sindh", "had_direct_data": true, "n_births_direct": 350, "ci_width": 83.497, "run_mode": "normal", "model_version": "hazard_v1_censoring_corrected", "population_2017": 2199928, "remoteness_proxy": 0.328, "norm_mortality_risk": 0.108, "norm_uncertainty": 0.195, "norm_geographic_accessibility_proxy": 0.328, "norm_population": 0.196, "priority_score": 0.187, "rank": 101, "relative_uncertainty": 2.121, "literacy_rate_pct": 65.761, "improved_water_pct": 87.167, "improved_sanitation_pct": 64.83, "deprivation_index": 0.434, "under5_share_pct": 12.147, "display_name": "Hyderabad" }, "geometry": { "type": "Polygon", "coordinates": [ [ [ 68.625312, 25.36125 ], [ 68.572682, 25.358002 ], [ 68.640256, 25.263139 ], [ 68.642205, 25.241698 ], [ 68.600621, 25.238449 ], [ 68.599322, 25.18582 ], [ 68.55384, 25.204013 ], [ 68.558388, 25.175424 ], [ 68.52915, 25.157881 ], [ 68.37646, 25.178673 ], [ 68.32578, 25.23715 ], [ 68.345273, 25.303423 ], [ 68.292335, 25.389523 ], [ 68.302623, 25.476538 ], [ 68.31934, 25.5074 ], [ 68.393066, 25.529261 ], [ 68.383208, 25.554122 ], [ 68.420071, 25.548121 ], [ 68.468507, 25.490683 ], [ 68.589860414000043, 25.436606013000073 ], [ 68.625312, 25.36125 ] ] ] } },
{ "type": "Feature", "properties": { "district_key": "ISLAMABAD DISTRICT", "area_sqkm": 906, "census_population_2017": 2003368, "u5mr_posterior_mean": 26.813, "u5mr_ci_lower95": 5.133, "u5mr_ci_upper95": 67.184, "u5mr_posterior_sd": 16.502, "province": "Federal Capital Territory", "had_direct_data": true, "n_births_direct": 4435, "ci_width": 62.051, "run_mode": "normal", "model_version": "hazard_v1_censoring_corrected", "population_2017": 2003368, "remoteness_proxy": 0.329, "norm_mortality_risk": 0.054, "norm_uncertainty": 0.117, "norm_geographic_accessibility_proxy": 0.329, "norm_population": 0.178, "priority_score": 0.14, "rank": 127, "relative_uncertainty": 2.314, "literacy_rate_pct": 81.487, "improved_water_pct": 68.134, "improved_sanitation_pct": 74.587, "deprivation_index": 0.224, "under5_share_pct": 11.744, "display_name": "Islamabad" }, "geometry": { "type": "Polygon", "coordinates": [ [ [ 73.20191376300005, 33.804261327000063 ], [ 73.372771682000064, 33.677311675000055 ], [ 73.339710859000036, 33.63280345700008 ], [ 73.291183903000046, 33.622821521000049 ], [ 73.269967089000033, 33.546695793000026 ], [ 73.232663906000084, 33.50645454000005 ], [ 73.127797231000045, 33.456549184000039 ], [ 73.101632710000047, 33.513910138000028 ], [ 73.170373328000039, 33.552062579000051 ], [ 73.085437658000046, 33.665563973000076 ], [ 73.000138001000039, 33.621045958000025 ], [ 72.968704896000077, 33.63123882900004 ], [ 72.983719544000053, 33.61366070400004 ], [ 72.909488, 33.576977 ], [ 72.824859, 33.693888 ], [ 73.050583, 33.785656 ], [ 73.20191376300005, 33.804261327000063 ] ] ] } },
{ "type": "Feature", "properties": { "district_key": "JACOBABAD DISTRICT", "area_sqkm": 2698, "census_population_2017": 1007009, "u5mr_posterior_mean": 85.882, "u5mr_ci_lower95": 32.371, "u5mr_ci_upper95": 169.168, "u5mr_posterior_sd": 35.825, "province": "Sindh", "had_direct_data": true, "n_births_direct": 315, "ci_width": 136.798, "run_mode": "normal", "model_version": "hazard_v1_censoring_corrected", "population_2017": 1007009, "remoteness_proxy": 0.525, "norm_mortality_risk": 0.307, "norm_uncertainty": 0.391, "norm_geographic_accessibility_proxy": 0.525, "norm_population": 0.088, "priority_score": 0.354, "rank": 20, "relative_uncertainty": 1.593, "literacy_rate_pct": 34.065, "improved_water_pct": 61.744, "improved_sanitation_pct": 18.171, "deprivation_index": 0.801, "under5_share_pct": 17.22, "display_name": "Jacobabad" }, "geometry": { "type": "Polygon", "coordinates": [ [ [ 68.919767999000044, 28.43466688500007 ], [ 68.920681, 28.276329 ], [ 68.897978, 28.236977 ], [ 68.905546, 28.111354 ], [ 68.933597750000047, 28.097327500000063 ], [ 68.881249, 28.083322 ], [ 68.652753, 28.154871 ], [ 68.530264989000045, 28.164262948000044 ], [ 68.412717, 28.119261 ], [ 68.321714, 28.12058 ], [ 68.313471, 27.934618 ], [ 68.286764, 27.926046 ], [ 68.124872, 27.930332 ], [ 68.086294, 27.984406 ], [ 67.913521, 27.999903 ], [ 67.970534, 28.076587 ], [ 68.200544, 28.242573 ], [ 68.354674, 28.292369 ], [ 68.394985, 28.38959 ], [ 68.461379, 28.432272 ], [ 68.919767999000044, 28.43466688500007 ] ] ] } },
{ "type": "Feature", "properties": { "district_key": "JAFFARABAD DISTRICT", "area_sqkm": 1643, "census_population_2017": 513972, "u5mr_posterior_mean": 40.489, "u5mr_ci_lower95": 8.762, "u5mr_ci_upper95": 106.952, "u5mr_posterior_sd": 26.283, "province": "Balochistan", "had_direct_data": true, "n_births_direct": 205, "ci_width": 98.19, "run_mode": "normal", "model_version": "hazard_v1_censoring_corrected", "population_2017": 513972, "remoteness_proxy": 0.545, "norm_mortality_risk": 0.113, "norm_uncertainty": 0.249, "norm_geographic_accessibility_proxy": 0.545, "norm_population": 0.044, "priority_score": 0.233, "rank": 75, "relative_uncertainty": 2.425, "literacy_rate_pct": 30.66, "improved_water_pct": 40.453, "improved_sanitation_pct": 15.683, "deprivation_index": 0.601, "under5_share_pct": 18.289, "display_name": "Jaffarabad" }, "geometry": { "type": "Polygon", "coordinates": [ [ [ 68.46376308300006, 28.432272110000042 ], [ 68.394985, 28.38959 ], [ 68.354674, 28.292369 ], [ 68.200544, 28.242573 ], [ 67.970534, 28.076587 ], [ 67.913625, 28.000708001000078 ], [ 67.804548, 27.988851 ], [ 67.785578, 27.950912 ], [ 67.671978, 27.937419 ], [ 67.626525879000042, 28.149902344000054 ], [ 67.956352, 28.24389 ], [ 68.06151, 28.334708 ], [ 68.075849, 28.388881 ], [ 68.148345, 28.430306 ], [ 68.374593, 28.442256 ], [ 68.379085305000046, 28.617999787000031 ], [ 68.455570412000043, 28.611468181000077 ], [ 68.457202641000038, 28.556735509000077 ], [ 68.43058508300004, 28.514317891000076 ], [ 68.436477429000035, 28.452306190000058 ], [ 68.46376308300006, 28.432272110000042 ] ] ] } },
{ "type": "Feature", "properties": { "district_key": "JAMSHORO DISTRICT", "area_sqkm": 11204, "census_population_2017": 993908, "u5mr_posterior_mean": 32.015, "u5mr_ci_lower95": 8.424, "u5mr_ci_upper95": 76.512, "u5mr_posterior_sd": 18.164, "province": "Sindh", "had_direct_data": true, "n_births_direct": 204, "ci_width": 68.088, "run_mode": "normal", "model_version": "hazard_v1_censoring_corrected", "population_2017": 993908, "remoteness_proxy": 0.683, "norm_mortality_risk": 0.077, "norm_uncertainty": 0.139, "norm_geographic_accessibility_proxy": 0.683, "norm_population": 0.087, "priority_score": 0.218, "rank": 86, "relative_uncertainty": 2.127, "literacy_rate_pct": 46.472, "improved_water_pct": 57.641, "improved_sanitation_pct": 35.095, "deprivation_index": 0.555, "under5_share_pct": 14.088, "display_name": "Jamshoro" }, "geometry": { "type": "Polygon", "coordinates": [ [ [ 67.783592181000074, 26.603929778000065 ], [ 67.850135, 26.546712 ], [ 67.909279021000032, 26.547533860000044 ], [ 67.920316, 26.485326 ], [ 67.878929484000082, 26.435450368000033 ], [ 67.927355395000063, 26.374559395000063 ], [ 67.898049042000082, 26.383293852000065 ], [ 67.87188, 26.318584 ], [ 67.915601, 26.245715 ], [ 68.015475, 26.196421 ], [ 68.021476, 26.1557 ], [ 68.180073, 25.999246 ], [ 68.245227, 26.00096 ], [ 68.272231, 25.974813 ], [ 68.233654, 25.929806 ], [ 68.320668, 25.854793 ], [ 68.331813, 25.8055 ], [ 68.295378, 25.763921 ], [ 68.331384, 25.726629 ], [ 68.462549, 25.676907 ], [ 68.357103, 25.616897 ], [ 68.393066, 25.529261 ], [ 68.31934, 25.5074 ], [ 68.302623, 25.476538 ], [ 68.292335, 25.389523 ], [ 68.344285268000078, 25.302717624000024 ], [ 68.17439, 25.298225 ], [ 68.080132110000079, 25.418740704000072 ], [ 67.992462, 25.441819 ], [ 67.942432, 25.410631 ], [ 67.909295, 25.360601 ], [ 67.906046, 25.301474 ], [ 67.82223, 25.213759 ], [ 67.804686, 25.090308 ], [ 67.74556, 25.069516 ], [ 67.709824, 25.000643 ], [ 67.648748, 25.015587 ], [ 67.558434, 24.968806 ], [ 67.5188, 24.979851 ], [ 67.496708, 25.060419 ], [ 67.457074, 25.093556 ], [ 67.271248, 25.181921 ], [ 67.329075, 25.296276 ], [ 67.360262, 25.305373 ], [ 67.415491, 25.453514 ], [ 67.381054, 25.642589 ], [ 67.323934092000059, 25.642588980000028 ], [ 67.349853, 25.73318 ], [ 67.416535, 25.825114 ], [ 67.399174, 25.882721 ], [ 67.416959893000069, 26.096498904000043 ], [ 67.481881975000078, 26.162814820000051 ], [ 67.495024668000042, 26.333442835000028 ], [ 67.571328230000063, 26.331079488000057 ], [ 67.620230572000082, 26.398500679000051 ], [ 67.646346473000051, 26.468969568000034 ], [ 67.635667330000047, 26.560428392000063 ], [ 67.755160535000073, 26.575482694000073 ], [ 67.783592181000074, 26.603929778000065 ] ] ] } },
{ "type": "Feature", "properties": { "district_key": "JHAL MAGSI DISTRICT", "area_sqkm": 3615, "census_population_2017": 148900, "u5mr_posterior_mean": 40.487, "u5mr_ci_lower95": 7.165, "u5mr_ci_upper95": 120.991, "u5mr_posterior_sd": 30.618, "province": "Balochistan", "had_direct_data": true, "n_births_direct": 135, "ci_width": 113.826, "run_mode": "normal", "model_version": "hazard_v1_censoring_corrected", "population_2017": 148900, "remoteness_proxy": 0.767, "norm_mortality_risk": 0.113, "norm_uncertainty": 0.307, "norm_geographic_accessibility_proxy": 0.767, "norm_population": 0.011, "priority_score": 0.292, "rank": 45, "relative_uncertainty": 2.811, "literacy_rate_pct": 23.458, "improved_water_pct": 21.02, "improved_sanitation_pct": 4.967, "deprivation_index": 0.84, "under5_share_pct": 19.173, "display_name": "Jhal Magsi" }, "geometry": { "type": "Polygon", "coordinates": [ [ [ 67.59947470000003, 28.826214922000077 ], [ 67.661727, 28.842429 ], [ 67.734278, 28.816685 ], [ 67.699151340000071, 28.775381270000025 ], [ 67.7452, 28.698108 ], [ 67.786651340000049, 28.546581270000047 ], [ 67.738070176000065, 28.423138587000039 ], [ 67.801060568000082, 28.206458358000077 ], [ 67.626525879000042, 28.149902344000054 ], [ 67.671978093000064, 27.937417459000073 ], [ 67.420104980000076, 27.895080566000047 ], [ 67.388671875000057, 27.955505371000072 ], [ 67.391807, 28.237838 ], [ 67.323913579000077, 28.410278232000053 ], [ 67.160112, 28.510099 ], [ 67.203751340000053, 28.547581270000023 ], [ 67.232292981000057, 28.71470400100003 ], [ 67.322376, 28.703568 ], [ 67.441734, 28.760517 ], [ 67.516651340000067, 28.712181270000031 ], [ 67.535349126000028, 28.830727 ], [ 67.568151340000043, 28.853381270000057 ], [ 67.59947470000003, 28.826214922000077 ] ] ] } },
{ "type": "Feature", "properties": { "district_key": "JHANG DISTRICT", "area_sqkm": 6166, "census_population_2017": 2742633, "u5mr_posterior_mean": 37.355, "u5mr_ci_lower95": 16.356, "u5mr_ci_upper95": 67.871, "u5mr_posterior_sd": 13.394, "province": "Punjab", "had_direct_data": true, "n_births_direct": 463, "ci_width": 51.515, "run_mode": "normal", "model_version": "hazard_v1_censoring_corrected", "population_2017": 2742633, "remoteness_proxy": 0.506, "norm_mortality_risk": 0.1, "norm_uncertainty": 0.078, "norm_geographic_accessibility_proxy": 0.506, "norm_population": 0.245, "priority_score": 0.189, "rank": 99, "relative_uncertainty": 1.379, "literacy_rate_pct": 55.637, "improved_water_pct": 93.719, "improved_sanitation_pct": 17.374, "deprivation_index": 0.32, "under5_share_pct": 14.217, "display_name": "Jhang" }, "geometry": { "type": "Polygon", "coordinates": [ [ [ 72.266032, 31.763259 ], [ 72.35922, 31.711746 ], [ 72.331438, 31.669493 ], [ 72.304233, 31.682226 ], [ 72.30597, 31.64634 ], [ 72.245774, 31.590196 ], [ 72.260823, 31.562992 ], [ 72.371954, 31.620294 ], [ 72.373112, 31.660232 ], [ 72.439077, 31.663705 ], [ 72.458876256000053, 31.54426851900007 ], [ 72.561031927000045, 31.454821 ], [ 72.618011, 31.461947 ], [ 72.622761, 31.419193 ], [ 72.678183, 31.370105 ], [ 72.830369, 31.359831 ], [ 72.689300132000028, 31.234565179000072 ], [ 72.575275132000058, 31.24614217900006 ], [ 72.491188, 31.213393 ], [ 72.490191132000064, 31.125750179000079 ], [ 72.441411, 31.109207 ], [ 72.437938, 31.051905 ], [ 72.385845, 31.022965 ], [ 72.33491, 30.911834 ], [ 72.255035, 30.867266 ], [ 72.249826, 30.844114 ], [ 72.317546, 30.808806 ], [ 72.343592, 30.82617 ], [ 72.369639, 30.756714 ], [ 72.356905, 30.720249 ], [ 72.061713, 30.730667 ], [ 71.999790910000058, 30.695949960000064 ], [ 71.986474345000033, 30.660056586000053 ], [ 71.87418, 30.68089 ], [ 71.769990910000047, 30.594649960000027 ], [ 71.703431, 30.580756 ], [ 71.65871358000004, 30.617360724000036 ], [ 71.668062, 30.680252 ], [ 71.858366, 30.870556 ], [ 71.812383, 30.884669 ], [ 71.826041, 30.929286 ], [ 71.782791, 30.962976 ], [ 71.816025, 31.059038 ], [ 71.768677, 31.140532 ], [ 71.803733, 31.227489 ], [ 71.887048, 31.267097 ], [ 72.00906, 31.252984 ], [ 72.008605, 31.481075 ], [ 71.979468, 31.496099 ], [ 72.031824, 31.615835 ], [ 72.142455, 31.74149 ], [ 72.191624, 31.730564 ], [ 72.266032, 31.763259 ] ] ] } },
{ "type": "Feature", "properties": { "district_key": "JHELUM DISTRICT", "area_sqkm": 3587, "census_population_2017": 1222403, "u5mr_posterior_mean": 27.451, "u5mr_ci_lower95": 6.655, "u5mr_ci_upper95": 67.823, "u5mr_posterior_sd": 16.15, "province": "Punjab", "had_direct_data": true, "n_births_direct": 147, "ci_width": 61.168, "run_mode": "normal", "model_version": "hazard_v1_censoring_corrected", "population_2017": 1222403, "remoteness_proxy": 0.535, "norm_mortality_risk": 0.057, "norm_uncertainty": 0.113, "norm_geographic_accessibility_proxy": 0.535, "norm_population": 0.108, "priority_score": 0.175, "rank": 110, "relative_uncertainty": 2.228, "literacy_rate_pct": 78.937, "improved_water_pct": 77.707, "improved_sanitation_pct": 40.47, "deprivation_index": 0.179, "under5_share_pct": 10.953, "display_name": "Jhelum" }, "geometry": { "type": "Polygon", "coordinates": [ [ [ 73.606592214000045, 33.252520394000044 ], [ 73.670317, 33.21101 ], [ 73.671447, 33.162963 ], [ 73.625096, 33.131874 ], [ 73.634141, 33.093437 ], [ 73.746061, 33.05613 ], [ 73.796, 32.988479 ], [ 73.659419, 32.870564 ], [ 73.56882, 32.720324 ], [ 73.470481, 32.660683 ], [ 73.261057, 32.588295 ], [ 72.997, 32.5455 ], [ 72.803509, 32.429405 ], [ 72.663285, 32.395271 ], [ 72.650993, 32.591937 ], [ 72.741592, 32.615156 ], [ 72.741137, 32.685723 ], [ 72.769364, 32.695284 ], [ 72.868613, 32.640196 ], [ 72.985593597000047, 32.667507564000061 ], [ 73.024628757000073, 32.710758954000028 ], [ 73.087598, 32.668423 ], [ 73.096249, 32.703024 ], [ 73.137678, 32.723511 ], [ 73.260601, 32.734893 ], [ 73.249665910000033, 32.785019183000031 ], [ 73.281043982000028, 32.811804146000043 ], [ 73.207212025000047, 32.861634380000055 ], [ 73.152702, 32.8478 ], [ 73.155889, 32.896514 ], [ 73.226911, 33.00669 ], [ 73.196823977000065, 33.03280281900004 ], [ 73.203925255000058, 33.095165701000042 ], [ 73.3685, 33.101386 ], [ 73.39354, 33.1328 ], [ 73.362582, 33.177872 ], [ 73.449994, 33.250715 ], [ 73.470026, 33.219757 ], [ 73.529211, 33.240699 ], [ 73.551064, 33.204278 ], [ 73.557893, 33.23296 ], [ 73.606592214000045, 33.252520394000044 ] ] ] } },
{ "type": "Feature", "properties": { "district_key": "KACHHI DISTRICT", "area_sqkm": 5682, "census_population_2017": 309932, "u5mr_posterior_mean": 39.525, "u5mr_ci_lower95": 7.236, "u5mr_ci_upper95": 120.493, "u5mr_posterior_sd": 29.873, "province": "Balochistan", "had_direct_data": true, "n_births_direct": 156, "ci_width": 113.257, "run_mode": "normal", "model_version": "hazard_v1_censoring_corrected", "population_2017": 309932, "remoteness_proxy": 0.736, "norm_mortality_risk": 0.109, "norm_uncertainty": 0.305, "norm_geographic_accessibility_proxy": 0.736, "norm_population": 0.026, "priority_score": 0.285, "rank": 46, "relative_uncertainty": 2.865, "literacy_rate_pct": 32.979, "improved_water_pct": 22.826, "improved_sanitation_pct": 12.593, "deprivation_index": 0.79, "under5_share_pct": 17.052, "display_name": "Kachhi" }, "geometry": { "type": "Polygon", "coordinates": [ [ [ 67.932182, 29.092936 ], [ 67.732825, 29.147051 ], [ 67.737812, 29.077475 ], [ 67.673758, 29.012317 ], [ 67.647252, 28.940532 ], [ 67.679467662000036, 28.840680735000035 ], [ 67.581351340000083, 28.827581270000053 ], [ 67.568151340000043, 28.853381270000057 ], [ 67.535349126000028, 28.830727 ], [ 67.516651340000067, 28.712181270000031 ], [ 67.441734, 28.760517 ], [ 67.322376, 28.703568 ], [ 67.232292981000057, 28.71470400100003 ], [ 67.231103, 28.809664 ], [ 67.326642, 28.897688 ], [ 67.465005, 29.219209 ], [ 67.446291, 29.3794 ], [ 67.352722, 29.449764 ], [ 67.335505, 29.520877 ], [ 67.257655, 29.499917 ], [ 67.127669755000056, 29.510583989000054 ], [ 67.126504, 29.53127 ], [ 67.192512, 29.578115 ], [ 67.206708, 29.636317 ], [ 67.279105, 29.691679 ], [ 67.154185, 29.785369 ], [ 67.126504, 29.940809 ], [ 67.191803, 29.982686 ], [ 67.218774, 29.960683 ], [ 67.249294, 29.970619 ], [ 67.289751, 29.920226 ], [ 67.318852, 29.942938 ], [ 67.342984, 29.90745 ], [ 67.415563, 29.910578 ], [ 67.460583, 29.873276 ], [ 67.528113, 29.695125 ], [ 67.673104, 29.646634 ], [ 67.698555, 29.599475 ], [ 67.78389, 29.592738 ], [ 67.814581, 29.457998 ], [ 67.883448, 29.416827 ], [ 67.874465, 29.328498 ], [ 67.979767, 29.369602 ], [ 67.975253, 29.105084 ], [ 67.932182, 29.092936 ] ] ] } },
{ "type": "Feature", "properties": { "district_key": "KALAT DISTRICT", "area_sqkm": 8416, "census_population_2017": 412058, "u5mr_posterior_mean": 51.202, "u5mr_ci_lower95": 11.222, "u5mr_ci_upper95": 132.731, "u5mr_posterior_sd": 33.086, "province": "Balochistan", "had_direct_data": true, "n_births_direct": 581, "ci_width": 121.509, "run_mode": "normal", "model_version": "hazard_v1_censoring_corrected", "population_2017": 412058, "remoteness_proxy": 0.748, "norm_mortality_risk": 0.159, "norm_uncertainty": 0.335, "norm_geographic_accessibility_proxy": 0.748, "norm_population": 0.035, "priority_score": 0.317, "rank": 34, "relative_uncertainty": 2.373, "literacy_rate_pct": 41.586, "improved_water_pct": 32.689, "improved_sanitation_pct": 13.736, "deprivation_index": 0.829, "under5_share_pct": 20.422, "display_name": "Kalat" }, "geometry": { "type": "Polygon", "coordinates": [ [ [ 66.645307285000058, 29.601544137000076 ], [ 66.619046285000081, 29.46029913700005 ], [ 66.651695286000063, 29.44184513600004 ], [ 66.802138, 29.56463 ], [ 66.867437, 29.544046 ], [ 66.85821, 29.487974 ], [ 66.819882, 29.443259 ], [ 66.836917, 29.421966 ], [ 67.072561, 29.432612 ], [ 67.127669755000056, 29.510583989000054 ], [ 67.257655, 29.499917 ], [ 67.335505, 29.520877 ], [ 67.352722, 29.449764 ], [ 67.446291, 29.3794 ], [ 67.465005, 29.219209 ], [ 67.439554, 29.126388 ], [ 67.392403, 29.081273 ], [ 67.326642, 28.897688 ], [ 67.288281, 28.851107 ], [ 66.771321, 28.8164 ], [ 66.614223, 28.578013 ], [ 66.514667, 28.550613 ], [ 66.454386, 28.498551 ], [ 66.423332, 28.422743 ], [ 66.51647949200003, 28.286682129000042 ], [ 66.504699707000043, 28.173522949000073 ], [ 66.256286621000072, 28.052917480000076 ], [ 66.110107422000056, 27.950683594000054 ], [ 65.955588668000075, 27.935377092000067 ], [ 65.969937, 28.033674 ], [ 65.954228, 28.052525 ], [ 65.89139, 28.049383 ], [ 65.894532, 28.195481 ], [ 65.826981, 28.228471 ], [ 65.883417951000069, 28.357926042000031 ], [ 66.059006, 28.577337 ], [ 66.088817, 28.667478 ], [ 66.086687, 28.729938 ], [ 66.038423, 28.711484 ], [ 66.012161, 28.740584 ], [ 66.034164, 28.826467 ], [ 66.070363, 28.835694 ], [ 66.118627, 28.934352 ], [ 66.14063, 29.086953 ], [ 66.104432, 29.177804 ], [ 66.155983923000065, 29.33141411500003 ], [ 66.194565053000076, 29.383006960000046 ], [ 66.313105, 29.336083 ], [ 66.375565, 29.34531 ], [ 66.45364, 29.507138 ], [ 66.582137285000044, 29.622127137000064 ], [ 66.645307285000058, 29.601544137000076 ] ] ] } },
{ "type": "Feature", "properties": { "district_key": "KAMBAR SHAHDAD KOT DISTRICT", "area_sqkm": 5475, "census_population_2017": 1338035, "u5mr_posterior_mean": 66.651, "u5mr_ci_lower95": 29.166, "u5mr_ci_upper95": 121.587, "u5mr_posterior_sd": 24.098, "province": "Sindh", "had_direct_data": true, "n_births_direct": 551, "ci_width": 92.421, "run_mode": "normal", "model_version": "hazard_v1_censoring_corrected", "population_2017": 1338035, "remoteness_proxy": 0.572, "norm_mortality_risk": 0.225, "norm_uncertainty": 0.228, "norm_geographic_accessibility_proxy": 0.572, "norm_population": 0.118, "priority_score": 0.285, "rank": 48, "relative_uncertainty": 1.387, "literacy_rate_pct": 38.083, "improved_water_pct": 63.143, "improved_sanitation_pct": 22.353, "deprivation_index": 0.738, "under5_share_pct": 16.436, "display_name": "Kambar Shahdad Kot" }, "geometry": { "type": "Polygon", "coordinates": [ [ [ 67.804548, 27.988851 ], [ 68.086294, 27.984406 ], [ 68.186859, 27.819216 ], [ 68.170373, 27.758878 ], [ 68.195761, 27.717992 ], [ 68.144325, 27.676448 ], [ 68.096846, 27.680075 ], [ 68.11564, 27.597315 ], [ 68.002875, 27.411023 ], [ 68.054641, 27.373106 ], [ 68.015405, 27.370798 ], [ 67.998163637000061, 27.298543562000077 ], [ 67.883002645000033, 27.321092478000025 ], [ 67.666659710000033, 27.301358699000048 ], [ 67.632400340000061, 27.324402461000034 ], [ 67.510574414000075, 27.316902299000049 ], [ 67.397094805000052, 27.380996743000026 ], [ 67.357612872000061, 27.356926443000077 ], [ 67.314248162000069, 27.36713573000003 ], [ 67.17398380000003, 27.447917647000054 ], [ 67.185319, 27.540297 ], [ 67.223592, 27.568706 ], [ 67.252395, 27.659062 ], [ 67.354983, 27.757704 ], [ 67.392467, 27.911191 ], [ 67.420104980000076, 27.895080566000047 ], [ 67.543712, 27.905858 ], [ 67.785578, 27.950912 ], [ 67.804548, 27.988851 ] ] ] } },
{ "type": "Feature", "properties": { "district_key": "KARACHI CENTRAL DISTRICT", "area_sqkm": 69, "census_population_2017": 2971382, "u5mr_posterior_mean": 22.045, "u5mr_ci_lower95": 6.111, "u5mr_ci_upper95": 51.234, "u5mr_posterior_sd": 11.76, "province": "Sindh", "had_direct_data": true, "n_births_direct": 723, "ci_width": 45.123, "run_mode": "normal", "model_version": "hazard_v1_censoring_corrected", "population_2017": 2971382, "remoteness_proxy": 0.0, "norm_mortality_risk": 0.034, "norm_uncertainty": 0.054, "norm_geographic_accessibility_proxy": 0.0, "norm_population": 0.265, "priority_score": 0.056, "rank": 134, "relative_uncertainty": 2.047, "literacy_rate_pct": 81.524, "improved_water_pct": 89.657, "improved_sanitation_pct": 97.635, "deprivation_index": 0.065, "under5_share_pct": 10.446, "display_name": "Karachi Central" }, "geometry": { "type": "Polygon", "coordinates": [ [ [ 67.091535463000071, 25.006673369000055 ], [ 67.089622168000062, 24.930808931000058 ], [ 67.026692595000043, 24.888600206000035 ], [ 67.015403395000078, 24.932225563000031 ], [ 67.053555, 24.964861270000029 ], [ 67.051008, 25.005687 ], [ 67.091535463000071, 25.006673369000055 ] ] ] } },
{ "type": "Feature", "properties": { "district_key": "KARACHI EAST DISTRICT", "area_sqkm": 139, "census_population_2017": 2875315, "u5mr_posterior_mean": 30.268, "u5mr_ci_lower95": 6.601, "u5mr_ci_upper95": 77.686, "u5mr_posterior_sd": 19.044, "province": "Sindh", "had_direct_data": true, "n_births_direct": 312, "ci_width": 71.085, "run_mode": "normal", "model_version": "hazard_v1_censoring_corrected", "population_2017": 2875315, "remoteness_proxy": 0.081, "norm_mortality_risk": 0.069, "norm_uncertainty": 0.15, "norm_geographic_accessibility_proxy": 0.081, "norm_population": 0.257, "priority_score": 0.115, "rank": 133, "relative_uncertainty": 2.349, "literacy_rate_pct": 75.995, "improved_water_pct": 88.487, "improved_sanitation_pct": 93.433, "deprivation_index": 0.038, "under5_share_pct": 11.237, "display_name": "Karachi East" }, "geometry": { "type": "Polygon", "coordinates": [ [ [ 67.153470727000069, 24.928151771000046 ], [ 67.135229736000042, 24.901264224000045 ], [ 67.087156173000039, 24.898332569000047 ], [ 67.084420006000073, 24.865669979000074 ], [ 67.045242363000057, 24.893536867000023 ], [ 67.126690837000069, 24.982390876000068 ], [ 67.153470727000069, 24.928151771000046 ] ] ] } },
{ "type": "Feature", "properties": { "district_key": "KARACHI SOUTH DISTRICT", "area_sqkm": 122, "census_population_2017": 1769230, "u5mr_posterior_mean": 67.124, "u5mr_ci_lower95": 32.174, "u5mr_ci_upper95": 116.631, "u5mr_posterior_sd": 21.72, "province": "Sindh", "had_direct_data": true, "n_births_direct": 587, "ci_width": 84.457, "run_mode": "normal", "model_version": "hazard_v1_censoring_corrected", "population_2017": 1769230, "remoteness_proxy": 0.12, "norm_mortality_risk": 0.227, "norm_uncertainty": 0.199, "norm_geographic_accessibility_proxy": 0.12, "norm_population": 0.157, "priority_score": 0.19, "rank": 98, "relative_uncertainty": 1.258, "literacy_rate_pct": 77.786, "improved_water_pct": 84.383, "improved_sanitation_pct": 96.967, "deprivation_index": 0.207, "under5_share_pct": 9.884, "display_name": "Karachi South" }, "geometry": { "type": "Polygon", "coordinates": [ [ [ 67.047874883000077, 24.893143949000034 ], [ 67.091948891000072, 24.834048161000055 ], [ 67.036395, 24.855037 ], [ 67.040348, 24.805507 ], [ 66.988912011000082, 24.809151978000045 ], [ 66.987288029000069, 24.792983540000023 ], [ 66.974575759000061, 24.809395873000028 ], [ 66.974693823000052, 24.826677151000069 ], [ 67.025255838000078, 24.826909898000054 ], [ 66.975546265000048, 24.871091672000034 ], [ 67.047874883000077, 24.893143949000034 ] ] ] } },
{ "type": "Feature", "properties": { "district_key": "KARACHI WEST DISTRICT", "area_sqkm": 929, "census_population_2017": 3907065, "u5mr_posterior_mean": 38.62, "u5mr_ci_lower95": 17.091, "u5mr_ci_upper95": 68.977, "u5mr_posterior_sd": 13.425, "province": "Sindh", "had_direct_data": true, "n_births_direct": 1149, "ci_width": 51.886, "run_mode": "normal", "model_version": "hazard_v1_censoring_corrected", "population_2017": 3907065, "remoteness_proxy": 0.257, "norm_mortality_risk": 0.105, "norm_uncertainty": 0.079, "norm_geographic_accessibility_proxy": 0.257, "norm_population": 0.35, "priority_score": 0.152, "rank": 123, "relative_uncertainty": 1.343, "literacy_rate_pct": 65.603, "improved_water_pct": 66.869, "improved_sanitation_pct": 89.5, "deprivation_index": 0.308, "under5_share_pct": 12.883, "display_name": "Karachi West" }, "geometry": { "type": "Polygon", "coordinates": [ [ [ 66.931685009000034, 25.023404624000023 ], [ 66.931681806000029, 24.968584022000073 ], [ 66.990692960000047, 24.989146240000025 ], [ 67.004069799000035, 24.95550352600003 ], [ 67.044124786000054, 24.963322664000032 ], [ 67.015403395000078, 24.932225563000031 ], [ 67.026692595000043, 24.888600206000035 ], [ 66.975546265000048, 24.871091672000034 ], [ 67.021539585000028, 24.84016181100003 ], [ 67.020834087000082, 24.815597480000065 ], [ 66.963439941000047, 24.822723389000032 ], [ 66.979398416000038, 24.858377348000033 ], [ 66.92460432300004, 24.839712720000023 ], [ 66.949603377000074, 24.83581497800003 ], [ 66.951871133000054, 24.809986796000032 ], [ 66.851961, 24.86154 ], [ 66.822595, 24.83825801100005 ], [ 66.654446998000083, 24.836705 ], [ 66.721992493000073, 24.891757965000068 ], [ 66.697241, 24.9035 ], [ 66.79115911100007, 24.967329784000071 ], [ 66.931685009000034, 25.023404624000023 ] ] ] } },
{ "type": "Feature", "properties": { "district_key": "KARAK DISTRICT", "area_sqkm": 3371, "census_population_2017": 705362, "u5mr_posterior_mean": 42.767, "u5mr_ci_lower95": 10.667, "u5mr_ci_upper95": 107.904, "u5mr_posterior_sd": 25.78, "province": "Khyber Pakhtunkhwa", "had_direct_data": true, "n_births_direct": 186, "ci_width": 97.237, "run_mode": "normal", "model_version": "hazard_v1_censoring_corrected", "population_2017": 705362, "remoteness_proxy": 0.589, "norm_mortality_risk": 0.123, "norm_uncertainty": 0.246, "norm_geographic_accessibility_proxy": 0.589, "norm_population": 0.061, "priority_score": 0.247, "rank": 69, "relative_uncertainty": 2.274, "literacy_rate_pct": 63.753, "improved_water_pct": 37.586, "improved_sanitation_pct": 27.914, "deprivation_index": 0.419, "under5_share_pct": 15.793, "display_name": "Karak" }, "geometry": { "type": "Polygon", "coordinates": [ [ [ 71.102675638000051, 33.369478826000034 ], [ 71.316034, 33.351206 ], [ 71.321037994000051, 33.307250054000065 ], [ 71.38572, 33.309752 ], [ 71.382615216000033, 33.289744444000064 ], [ 71.417168, 33.286523 ], [ 71.447186, 33.300818 ], [ 71.451117, 33.244712 ], [ 71.407898, 33.19458 ], [ 71.448319, 33.129641 ], [ 71.427114, 33.082594 ], [ 71.477475001000073, 33.048798999000041 ], [ 71.430841059000045, 33.004854428000044 ], [ 71.336995, 32.990487 ], [ 71.31446518000007, 33.015003641000078 ], [ 71.170672, 32.961993 ], [ 71.141516, 32.922897 ], [ 71.133564500000034, 32.808923 ], [ 71.10889, 32.802621 ], [ 70.995481, 32.814091 ], [ 70.966519306000066, 32.841933613000037 ], [ 70.919363, 33.012069 ], [ 70.822518, 33.03637 ], [ 70.787351, 33.092365 ], [ 70.872484, 33.183978 ], [ 70.757507, 33.215086 ], [ 70.770324707000043, 33.333129883000026 ], [ 70.883984, 33.313683 ], [ 70.910071, 33.354422 ], [ 71.102675638000051, 33.369478826000034 ] ] ] } },
{ "type": "Feature", "properties": { "district_key": "KASHMORE DISTRICT", "area_sqkm": 2580, "census_population_2017": 1090336, "u5mr_posterior_mean": 64.262, "u5mr_ci_lower95": 29.275, "u5mr_ci_upper95": 114.501, "u5mr_posterior_sd": 22.174, "province": "Sindh", "had_direct_data": true, "n_births_direct": 497, "ci_width": 85.226, "run_mode": "normal", "model_version": "hazard_v1_censoring_corrected", "population_2017": 1090336, "remoteness_proxy": 0.512, "norm_mortality_risk": 0.215, "norm_uncertainty": 0.202, "norm_geographic_accessibility_proxy": 0.512, "norm_population": 0.096, "priority_score": 0.258, "rank": 67, "relative_uncertainty": 1.326, "literacy_rate_pct": 30.581, "improved_water_pct": 92.069, "improved_sanitation_pct": null, "deprivation_index": 0.615, "under5_share_pct": 16.238, "display_name": "Kashmore" }, "geometry": { "type": "Polygon", "coordinates": [ [ [ 69.750892236000084, 28.405010827000069 ], [ 69.650279873000045, 28.345472544000074 ], [ 69.582308, 28.35548 ], [ 69.544824, 28.399126 ], [ 69.531987, 28.38937 ], [ 69.594118, 28.256379 ], [ 69.520177, 28.271784 ], [ 69.515043, 28.242515 ], [ 69.475505, 28.268189 ], [ 69.477559, 28.205031 ], [ 69.430319, 28.149576 ], [ 69.373323, 28.166007 ], [ 69.32865, 28.126469 ], [ 69.226415, 28.099245 ], [ 69.181009, 27.991784 ], [ 69.114414, 28.017514 ], [ 69.090197, 27.991784 ], [ 69.01452, 28.085623 ], [ 68.905546, 28.111354 ], [ 68.919766325000069, 28.434676921000062 ], [ 69.391118, 28.447845 ], [ 69.476306, 28.487681 ], [ 69.601944, 28.474811 ], [ 69.616653, 28.469908 ], [ 69.597041, 28.447845 ], [ 69.622169, 28.433136 ], [ 69.72531, 28.427040800000043 ], [ 69.750892236000084, 28.405010827000069 ] ] ] } },
{ "type": "Feature", "properties": { "district_key": "KASUR DISTRICT", "area_sqkm": 3995, "census_population_2017": 3454881, "u5mr_posterior_mean": 74.909, "u5mr_ci_lower95": 40.95, "u5mr_ci_upper95": 120.5, "u5mr_posterior_sd": 20.225, "province": "Punjab", "had_direct_data": true, "n_births_direct": 524, "ci_width": 79.55, "run_mode": "normal", "model_version": "hazard_v1_censoring_corrected", "population_2017": 3454881, "remoteness_proxy": 0.432, "norm_mortality_risk": 0.26, "norm_uncertainty": 0.181, "norm_geographic_accessibility_proxy": 0.432, "norm_population": 0.309, "priority_score": 0.276, "rank": 58, "relative_uncertainty": 1.062, "literacy_rate_pct": 60.768, "improved_water_pct": 90.763, "improved_sanitation_pct": 46.994, "deprivation_index": 0.452, "under5_share_pct": 13.461, "display_name": "Kasur" }, "geometry": { "type": "Polygon", "coordinates": [ [ [ 74.45685, 31.351805 ], [ 74.551839434000044, 31.353897400000051 ], [ 74.526376, 31.312435 ], [ 74.541997, 31.303913 ], [ 74.510292, 31.131982 ], [ 74.548458, 31.121882 ], [ 74.551234, 31.086812 ], [ 74.571735, 31.081614 ], [ 74.610563, 31.099111 ], [ 74.60308, 31.133757 ], [ 74.689306, 31.127973 ], [ 74.69632, 31.074139 ], [ 74.596806, 31.037954 ], [ 74.568303, 31.054773 ], [ 74.543799, 30.991124 ], [ 74.419254, 30.941031932000044 ], [ 74.422537, 30.907726 ], [ 74.36593548500008, 30.893220757000051 ], [ 74.381976362000046, 30.860453850000056 ], [ 74.324782, 30.849304 ], [ 74.3023, 30.779693 ], [ 74.259644, 30.771035 ], [ 74.286525, 30.735446 ], [ 74.232024, 30.724387 ], [ 74.169257, 30.648818 ], [ 74.075191, 30.755297 ], [ 74.070159, 30.79439 ], [ 73.932753, 30.861738 ], [ 73.857664, 30.859416 ], [ 73.822055, 30.932183 ], [ 73.76477, 30.939537 ], [ 73.767867, 30.986758 ], [ 73.665683, 31.066879 ], [ 73.68194, 31.094747 ], [ 73.660530390000076, 31.139174320000052 ], [ 73.779537, 31.209456 ], [ 73.902382, 31.2259 ], [ 73.909637, 31.268944 ], [ 73.944957223000074, 31.291703110000071 ], [ 74.03276076800006, 31.31177062900008 ], [ 74.119993, 31.263929 ], [ 74.133629, 31.295746 ], [ 74.188257540000052, 31.293175912000038 ], [ 74.22605, 31.254334 ], [ 74.277564, 31.294736 ], [ 74.439679, 31.289685999000028 ], [ 74.45685, 31.351805 ] ] ] } },
{ "type": "Feature", "properties": { "district_key": "KECH DISTRICT", "area_sqkm": 22539, "census_population_2017": 907182, "u5mr_posterior_mean": 43.295, "u5mr_ci_lower95": 8.583, "u5mr_ci_upper95": 121.637, "u5mr_posterior_sd": 30.141, "province": "Balochistan", "had_direct_data": true, "n_births_direct": 354, "ci_width": 113.054, "run_mode": "normal", "model_version": "hazard_v1_censoring_corrected", "population_2017": 907182, "remoteness_proxy": 0.769, "norm_mortality_risk": 0.125, "norm_uncertainty": 0.304, "norm_geographic_accessibility_proxy": 0.769, "norm_population": 0.079, "priority_score": 0.303, "rank": 37, "relative_uncertainty": 2.611, "literacy_rate_pct": 62.661, "improved_water_pct": 45.391, "improved_sanitation_pct": 29.97, "deprivation_index": 0.582, "under5_share_pct": 12.763, "display_name": "Kech" }, "geometry": { "type": "Polygon", "coordinates": [ [ [ 62.776489, 26.652671 ], [ 63.074841, 26.641699 ], [ 63.133029, 26.577104 ], [ 63.089497, 26.510275 ], [ 63.122606, 26.506596 ], [ 63.120766, 26.485137 ], [ 63.165524, 26.488816 ], [ 63.140999, 26.442219 ], [ 63.192501, 26.436701 ], [ 63.416288, 26.502917 ], [ 63.595931, 26.429956 ], [ 63.511934, 26.385812 ], [ 63.591026, 26.364966 ], [ 63.5898, 26.286487 ], [ 63.612485, 26.26135 ], [ 63.850374, 26.31653 ], [ 64.079066, 26.149149 ], [ 64.258096, 26.171222 ], [ 64.3611, 26.229468 ], [ 64.367844, 26.266255 ], [ 64.462528, 26.221348 ], [ 64.514973, 26.135158 ], [ 64.512128, 26.076208 ], [ 64.384469, 26.013598 ], [ 64.353571, 25.92009 ], [ 64.358856, 25.857887 ], [ 64.33243, 25.850569 ], [ 64.328364, 25.78796 ], [ 64.277138, 25.742019 ], [ 64.355877, 25.636519 ], [ 64.277656, 25.613053 ], [ 64.244803, 25.631044 ], [ 64.171528, 25.556631 ], [ 64.126245, 25.557724 ], [ 64.053178, 25.614324 ], [ 63.807223, 25.564927 ], [ 63.58185, 25.468192 ], [ 63.412048, 25.361165 ], [ 63.440863, 25.417766 ], [ 63.347215, 25.498036 ], [ 63.045688, 25.526851 ], [ 62.963359, 25.597859 ], [ 62.845013, 25.556694 ], [ 62.394266, 25.553607 ], [ 62.11538, 25.475395 ], [ 62.065983, 25.503181 ], [ 62.063925, 25.544345 ], [ 62.117438, 25.572131 ], [ 62.074216, 25.617411 ], [ 62.057703, 25.763251 ], [ 62.033289, 25.769466 ], [ 62.011538, 25.709984 ], [ 61.959603, 25.661156 ], [ 61.727285416000029, 25.718938420000029 ], [ 61.737307266000073, 25.741126 ], [ 61.800269266000043, 25.717883 ], [ 61.842169266000042, 25.744835 ], [ 61.853504266000073, 25.816992 ], [ 61.822749266000073, 25.849418 ], [ 61.844597266000051, 25.87807 ], [ 61.892399266000041, 25.8836 ], [ 61.834016266000049, 25.910862 ], [ 61.821000266000055, 25.967444 ], [ 61.899977266000064, 26.262257 ], [ 61.963772266000035, 26.261907 ], [ 62.034991266000077, 26.333739 ], [ 62.117768266000041, 26.278603 ], [ 62.219229649000056, 26.271461375000058 ], [ 62.228938, 26.330384 ], [ 62.27291, 26.329834 ], [ 62.251393, 26.345476 ], [ 62.279802, 26.377809 ], [ 62.258723, 26.445723 ], [ 62.31044, 26.471581 ], [ 62.300913, 26.509688 ], [ 62.322234, 26.527834 ], [ 62.397994, 26.536453 ], [ 62.444266, 26.569569 ], [ 62.601943, 26.584141 ], [ 62.776489, 26.652671 ] ] ] } },
{ "type": "Feature", "properties": { "district_key": "KHAIRPUR DISTRICT", "area_sqkm": 15910, "census_population_2017": 2405190, "u5mr_posterior_mean": 82.656, "u5mr_ci_lower95": 44.495, "u5mr_ci_upper95": 131.95, "u5mr_posterior_sd": 22.831, "province": "Sindh", "had_direct_data": true, "n_births_direct": 818, "ci_width": 87.455, "run_mode": "normal", "model_version": "hazard_v1_censoring_corrected", "population_2017": 2405190, "remoteness_proxy": 0.625, "norm_mortality_risk": 0.294, "norm_uncertainty": 0.21, "norm_geographic_accessibility_proxy": 0.625, "norm_population": 0.214, "priority_score": 0.327, "rank": 31, "relative_uncertainty": 1.058, "literacy_rate_pct": 49.152, "improved_water_pct": 89.363, "improved_sanitation_pct": 22.911, "deprivation_index": 0.608, "under5_share_pct": 16.06, "display_name": "Khairpur" }, "geometry": { "type": "Polygon", "coordinates": [ [ [ 68.673392146000083, 27.714642443000059 ], [ 68.718759, 27.676742 ], [ 68.768007, 27.699939 ], [ 68.843308, 27.6953 ], [ 68.853301, 27.641055 ], [ 68.792632, 27.521502 ], [ 68.831174, 27.480461 ], [ 68.894341, 27.480818 ], [ 68.866148, 27.442989 ], [ 68.891486, 27.413368 ], [ 68.837241, 27.354484 ], [ 68.846163, 27.287034 ], [ 69.007471, 27.203882 ], [ 69.23944, 27.184611 ], [ 69.540315633000034, 27.069016957000031 ], [ 69.485943, 26.80537 ], [ 69.511087, 26.744512 ], [ 69.723051, 26.654729 ], [ 69.807455, 26.594868 ], [ 69.895739, 26.580231 ], [ 70.05599, 26.601958 ], [ 70.175113, 26.552564 ], [ 70.176801, 26.250663 ], [ 70.12894526000008, 26.138651725000045 ], [ 69.84071, 26.205922 ], [ 69.544319, 26.204676 ], [ 69.241701, 26.2383 ], [ 69.107204, 26.225847 ], [ 69.074349, 26.261006 ], [ 69.060316, 26.250341 ], [ 69.057509, 26.296369 ], [ 69.017656, 26.299737 ], [ 68.926163, 26.462516 ], [ 68.856561, 26.436696 ], [ 68.820637, 26.542783 ], [ 68.776855, 26.580952 ], [ 68.357186973000069, 26.630419650000078 ], [ 68.28571, 26.661781 ], [ 68.327808, 26.79032 ], [ 68.33286, 26.898653 ], [ 68.44849, 27.054135 ], [ 68.336228, 27.206811 ], [ 68.177378, 27.235438 ], [ 68.179062, 27.252838 ], [ 68.239122, 27.3477 ], [ 68.349699, 27.37801 ], [ 68.271116, 27.495885 ], [ 68.333983, 27.525073 ], [ 68.342964, 27.611515 ], [ 68.492272, 27.62667 ], [ 68.459911012000077, 27.688661963000072 ], [ 68.501412, 27.720301 ], [ 68.673392146000083, 27.714642443000059 ] ] ] } },
{ "type": "Feature", "properties": { "district_key": "KHANEWAL DISTRICT", "area_sqkm": 4349, "census_population_2017": 2920233, "u5mr_posterior_mean": 101.706, "u5mr_ci_lower95": 61.626, "u5mr_ci_upper95": 150.69, "u5mr_posterior_sd": 22.733, "province": "Punjab", "had_direct_data": true, "n_births_direct": 422, "ci_width": 89.064, "run_mode": "normal", "model_version": "hazard_v1_censoring_corrected", "population_2017": 2920233, "remoteness_proxy": 0.46, "norm_mortality_risk": 0.375, "norm_uncertainty": 0.216, "norm_geographic_accessibility_proxy": 0.46, "norm_population": 0.261, "priority_score": 0.333, "rank": 30, "relative_uncertainty": 0.876, "literacy_rate_pct": 58.594, "improved_water_pct": 95.581, "improved_sanitation_pct": 27.11, "deprivation_index": 0.556, "under5_share_pct": 13.304, "display_name": "Khanewal" }, "geometry": { "type": "Polygon", "coordinates": [ [ [ 72.079163239000081, 30.725694001000079 ], [ 72.237538536000045, 30.723076768000055 ], [ 72.155890910000039, 30.574649960000045 ], [ 72.197353836000048, 30.544439940000075 ], [ 72.244984, 30.565716 ], [ 72.301154060000044, 30.54828132800003 ], [ 72.301543312000035, 30.526858612000069 ], [ 72.306598, 30.556416 ], [ 72.354261, 30.576954 ], [ 72.36355406000007, 30.558381328000053 ], [ 72.449154060000069, 30.600681328000064 ], [ 72.496974, 30.56791 ], [ 72.478554060000079, 30.477181328000029 ], [ 72.440354060000061, 30.432281328000045 ], [ 72.440854060000049, 30.368881328000043 ], [ 72.395875416000081, 30.289122401000043 ], [ 72.400723080000034, 30.218985564000036 ], [ 72.190754060000074, 30.157981328000062 ], [ 72.193191, 30.116907 ], [ 72.149654060000046, 30.115981328000032 ], [ 72.110004, 30.063706 ], [ 71.999734, 30.09079 ], [ 71.955722, 30.040975 ], [ 71.898652, 30.047262 ], [ 71.880274, 30.023564 ], [ 71.873019, 30.040491 ], [ 71.839164, 30.005669 ], [ 71.773872, 30.022596 ], [ 71.750174, 29.961657 ], [ 71.67666, 29.935541 ], [ 71.681497, 29.902653 ], [ 71.62491, 29.913293 ], [ 71.615238, 29.969879 ], [ 71.591382, 29.958115 ], [ 71.564939, 29.986807 ], [ 71.593474, 29.978585 ], [ 71.621525, 30.011473 ], [ 71.720188, 30.045328 ], [ 71.832393, 30.242654 ], [ 71.820302, 30.264901 ], [ 71.76663512600004, 30.268275226000071 ], [ 71.772422, 30.306011 ], [ 71.660690910000028, 30.319549960000074 ], [ 71.663118, 30.364532 ], [ 71.623190910000062, 30.364949960000047 ], [ 71.612757028000033, 30.410478 ], [ 71.57799091000004, 30.41384996000005 ], [ 71.56059091000003, 30.445149960000037 ], [ 71.608490910000057, 30.500949960000071 ], [ 71.706590910000045, 30.540449960000046 ], [ 71.813984, 30.648477 ], [ 71.87418, 30.68089 ], [ 71.986474345000033, 30.660056586000053 ], [ 71.999790910000058, 30.695949960000064 ], [ 72.079163239000081, 30.725694001000079 ] ] ] } },
{ "type": "Feature", "properties": { "district_key": "KHARAN DISTRICT", "area_sqkm": 14958, "census_population_2017": 162766, "u5mr_posterior_mean": 50.883, "u5mr_ci_lower95": 8.944, "u5mr_ci_upper95": 156.982, "u5mr_posterior_sd": 38.834, "province": "Balochistan", "had_direct_data": true, "n_births_direct": 175, "ci_width": 148.038, "run_mode": "normal", "model_version": "hazard_v1_censoring_corrected", "population_2017": 162766, "remoteness_proxy": 0.907, "norm_mortality_risk": 0.157, "norm_uncertainty": 0.433, "norm_geographic_accessibility_proxy": 0.907, "norm_population": 0.012, "priority_score": 0.375, "rank": 14, "relative_uncertainty": 2.909, "literacy_rate_pct": 40.933, "improved_water_pct": 39.745, "improved_sanitation_pct": 7.312, "deprivation_index": 0.777, "under5_share_pct": 18.49, "display_name": "Kharan" }, "geometry": { "type": "Polygon", "coordinates": [ [ [ 66.098754, 29.34602 ], [ 66.156245, 29.330405 ], [ 66.102302, 29.154381 ], [ 66.14063, 29.086953 ], [ 66.14063, 29.029462 ], [ 66.118627, 28.934352 ], [ 66.070363, 28.835694 ], [ 66.034164, 28.826467 ], [ 66.012161, 28.740584 ], [ 66.038423, 28.711484 ], [ 66.086687, 28.729938 ], [ 66.088817, 28.667478 ], [ 66.059006, 28.577337 ], [ 65.970995, 28.453836 ], [ 65.882273, 28.356598 ], [ 65.640951, 28.280652 ], [ 65.277817105000054, 28.056345673000067 ], [ 65.048044495000056, 28.02145594600006 ], [ 64.981107940000072, 28.146481577000031 ], [ 64.840681331000042, 28.253120146000072 ], [ 64.73920548600006, 28.396724730000074 ], [ 64.761577898000041, 28.616506682000079 ], [ 64.745688415000075, 28.67829602300003 ], [ 64.809671326000057, 28.698435651000068 ], [ 64.931042326000068, 28.689918652000074 ], [ 65.047445326000059, 28.805611652000039 ], [ 65.171655326000064, 28.823355651000043 ], [ 65.24547132500004, 28.895752651000066 ], [ 65.470084001000032, 29.036426146000053 ], [ 65.596235, 29.03301 ], [ 65.688505, 29.089082 ], [ 65.726123, 29.140896 ], [ 65.864529, 29.130249 ], [ 65.951831, 29.166448 ], [ 66.005773, 29.194838 ], [ 66.07959, 29.333244 ], [ 66.098754, 29.34602 ] ] ] } },
{ "type": "Feature", "properties": { "district_key": "KHUSHAB DISTRICT", "area_sqkm": 6511, "census_population_2017": 1280372, "u5mr_posterior_mean": 24.048, "u5mr_ci_lower95": 6.141, "u5mr_ci_upper95": 57.784, "u5mr_posterior_sd": 13.442, "province": "Punjab", "had_direct_data": true, "n_births_direct": 221, "ci_width": 51.644, "run_mode": "normal", "model_version": "hazard_v1_censoring_corrected", "population_2017": 1280372, "remoteness_proxy": 0.596, "norm_mortality_risk": 0.043, "norm_uncertainty": 0.078, "norm_geographic_accessibility_proxy": 0.596, "norm_population": 0.113, "priority_score": 0.171, "rank": 112, "relative_uncertainty": 2.148, "literacy_rate_pct": 59.746, "improved_water_pct": 77.038, "improved_sanitation_pct": 32.161, "deprivation_index": 0.445, "under5_share_pct": 11.809, "display_name": "Khushab" }, "geometry": { "type": "Polygon", "coordinates": [ [ [ 72.151192, 32.713068 ], [ 72.338791699000069, 32.694187150000062 ], [ 72.418348710000032, 32.613400908000074 ], [ 72.542090059000031, 32.691947334000076 ], [ 72.58786682200008, 32.60673754000004 ], [ 72.650993, 32.591606 ], [ 72.663285, 32.393894 ], [ 72.569044, 32.372497 ], [ 72.348693, 32.232273 ], [ 72.324606544000062, 32.045493323000073 ], [ 72.253541, 31.983239 ], [ 72.284044, 31.848024 ], [ 72.257638, 31.854398 ], [ 72.268565, 31.821163 ], [ 72.191624, 31.730564 ], [ 72.142455, 31.74149 ], [ 72.046393, 31.636778 ], [ 71.991396909000059, 31.530210074000024 ], [ 71.961339500000065, 31.534261 ], [ 71.920067, 31.592218 ], [ 71.764636, 31.684423 ], [ 71.711518561000048, 31.814623802000028 ], [ 71.625067035000029, 31.850458451000065 ], [ 71.688260350000064, 31.897852963000048 ], [ 71.723628906000044, 32.001037595000071 ], [ 71.770783, 32.060267 ], [ 71.776327885000057, 32.144569 ], [ 71.72734969000004, 32.186826788000076 ], [ 71.727239, 32.274344 ], [ 71.845233, 32.406546 ], [ 71.787780500000054, 32.457203 ], [ 71.835476693000032, 32.522204543000043 ], [ 71.884153, 32.54678 ], [ 71.939664, 32.534671 ], [ 71.988086, 32.580545001000075 ], [ 72.125197, 32.633554 ], [ 72.157818, 32.65853 ], [ 72.151192, 32.713068 ] ] ] } },
{ "type": "Feature", "properties": { "district_key": "KHUZDAR DISTRICT", "area_sqkm": 35380, "census_population_2017": 798896, "u5mr_posterior_mean": 43.582, "u5mr_ci_lower95": 12.982, "u5mr_ci_upper95": 98.223, "u5mr_posterior_sd": 22.238, "province": "Balochistan", "had_direct_data": true, "n_births_direct": 1044, "ci_width": 85.241, "run_mode": "normal", "model_version": "hazard_v1_censoring_corrected", "population_2017": 798896, "remoteness_proxy": 0.831, "norm_mortality_risk": 0.126, "norm_uncertainty": 0.202, "norm_geographic_accessibility_proxy": 0.831, "norm_population": 0.07, "priority_score": 0.284, "rank": 49, "relative_uncertainty": 1.956, "literacy_rate_pct": 35.902, "improved_water_pct": 31.803, "improved_sanitation_pct": 21.54, "deprivation_index": 0.791, "under5_share_pct": 19.749, "display_name": "Khuzdar" }, "geometry": { "type": "Polygon", "coordinates": [ [ [ 67.265995589000056, 28.857427994000034 ], [ 67.222521, 28.790161 ], [ 67.231103, 28.690306 ], [ 67.203751340000053, 28.547581270000023 ], [ 67.160112, 28.497617 ], [ 67.20455134000008, 28.498381270000039 ], [ 67.26075134000007, 28.439881270000058 ], [ 67.313795, 28.425067 ], [ 67.384006, 28.263582 ], [ 67.397556026000075, 27.912321881000025 ], [ 67.354983, 27.757704 ], [ 67.252395, 27.659062 ], [ 67.223592, 27.568706 ], [ 67.185319, 27.540297 ], [ 67.163223, 27.367477 ], [ 67.127317, 27.309081 ], [ 67.163618, 27.065633 ], [ 67.131658, 26.923589 ], [ 67.134025, 26.671855 ], [ 66.962686, 26.567273 ], [ 67.084728, 26.377122 ], [ 67.108583, 26.29553 ], [ 67.147651, 26.273403 ], [ 67.11861, 26.009957 ], [ 67.136588, 25.861639 ], [ 67.122758, 25.785233 ], [ 67.09026, 25.747894 ], [ 66.98585, 25.736831 ], [ 66.831298828000058, 26.256103516000053 ], [ 66.779113770000038, 26.337280274000022 ], [ 66.754699707000043, 26.468688965000069 ], [ 66.638488770000038, 26.440490723000039 ], [ 66.61108398500005, 26.408325195000032 ], [ 66.563714, 26.460097 ], [ 66.460341, 26.427944 ], [ 66.286926270000038, 26.498107910000044 ], [ 66.251285206000034, 26.480547502000036 ], [ 66.170715332000043, 26.570312500000057 ], [ 66.119873047000056, 26.529296875000057 ], [ 66.108703613000046, 26.427307129000042 ], [ 66.082092285000044, 26.413513184000067 ], [ 66.103271484000061, 26.270324707000043 ], [ 65.923522949000073, 26.580688477000024 ], [ 66.01788330100004, 26.913696289000029 ], [ 66.048889160000044, 27.189270020000038 ], [ 66.002319336000028, 27.147094727000024 ], [ 65.91687011700003, 27.133911133000026 ], [ 65.793429, 27.341015 ], [ 65.59857, 27.421704 ], [ 65.703674316000047, 27.528686523000033 ], [ 65.689880371000072, 27.58428955100004 ], [ 65.711914062000062, 27.658325195000032 ], [ 65.766723633000083, 27.710327148000033 ], [ 65.796875, 27.802673340000069 ], [ 65.888122559000067, 27.861877441000047 ], [ 65.92468261700003, 27.916687012000068 ], [ 66.128295898000033, 27.958679199000073 ], [ 66.256286621000072, 28.052917480000076 ], [ 66.504699707000043, 28.173522949000073 ], [ 66.51647949200003, 28.286682129000042 ], [ 66.423332, 28.422743 ], [ 66.454386, 28.498551 ], [ 66.514667, 28.550613 ], [ 66.614223, 28.578013 ], [ 66.771321, 28.8164 ], [ 67.265995589000056, 28.857427994000034 ] ] ] } },
{ "type": "Feature", "properties": { "district_key": "KHYBER AGENCY DISTRICT", "area_sqkm": 2576, "census_population_2017": 984246, "u5mr_posterior_mean": 16.483, "u5mr_ci_lower95": 1.768, "u5mr_ci_upper95": 52.909, "u5mr_posterior_sd": 13.617, "province": "Fata", "had_direct_data": true, "n_births_direct": 1113, "ci_width": 51.141, "run_mode": "normal", "model_version": "hazard_v1_censoring_corrected", "population_2017": 984246, "remoteness_proxy": 0.523, "norm_mortality_risk": 0.01, "norm_uncertainty": 0.076, "norm_geographic_accessibility_proxy": 0.523, "norm_population": 0.086, "priority_score": 0.14, "rank": 128, "relative_uncertainty": 3.103, "literacy_rate_pct": 41.971, "improved_water_pct": 35.77, "improved_sanitation_pct": 16.674, "deprivation_index": 0.782, "under5_share_pct": 18.416, "display_name": "Khyber Agency" }, "geometry": { "type": "Polygon", "coordinates": [ [ [ 71.178329191000046, 34.339714260000051 ], [ 71.241061300000069, 34.329006686000071 ], [ 71.313672931000042, 34.269672447000062 ], [ 71.288060413000039, 34.198745475000067 ], [ 71.308019332000072, 34.163224882000065 ], [ 71.411107447000063, 34.16443627600006 ], [ 71.380968777000078, 34.002414003000069 ], [ 71.460611523000068, 33.910524756000029 ], [ 71.401252, 33.876087 ], [ 71.519735089000051, 33.808958890000042 ], [ 71.502649235000035, 33.75098119200004 ], [ 71.328840613000068, 33.754127351000079 ], [ 71.208655769000075, 33.835918212000024 ], [ 71.148122282000031, 33.811876139000049 ], [ 71.086646528000074, 33.84456993200007 ], [ 71.030738714000051, 33.844484272000045 ], [ 70.971889885000053, 33.837945513000079 ], [ 70.984596207000038, 33.795743393000066 ], [ 70.96914874600003, 33.788319475000037 ], [ 70.844541134000053, 33.782951411000056 ], [ 70.69789019600006, 33.739264508000076 ], [ 70.639926527000057, 33.797970569000029 ], [ 70.585293953000075, 33.778754499000058 ], [ 70.570217688000071, 33.842457427000056 ], [ 70.499719019000054, 33.849481596000032 ], [ 70.499055721000047, 33.884425190000059 ], [ 70.447088293000036, 33.90209982600004 ], [ 70.444398152000076, 33.953139505000024 ], [ 70.779153, 33.955382 ], [ 70.89258, 33.977535 ], [ 70.923956, 34.007799 ], [ 71.066848, 34.051813 ], [ 71.074002, 34.101496 ], [ 71.127783, 34.163746 ], [ 71.124454, 34.271853 ], [ 71.178329191000046, 34.339714260000051 ] ] ] } },
{ "type": "Feature", "properties": { "district_key": "KILLA ABDULLAH DISTRICT", "area_sqkm": 4894, "census_population_2017": 758354, "u5mr_posterior_mean": 58.771, "u5mr_ci_lower95": 18.789, "u5mr_ci_upper95": 126.201, "u5mr_posterior_sd": 27.888, "province": "Balochistan", "had_direct_data": true, "n_births_direct": 225, "ci_width": 107.411, "run_mode": "normal", "model_version": "hazard_v1_censoring_corrected", "population_2017": 758354, "remoteness_proxy": 0.622, "norm_mortality_risk": 0.191, "norm_uncertainty": 0.283, "norm_geographic_accessibility_proxy": 0.622, "norm_population": 0.066, "priority_score": 0.293, "rank": 43, "relative_uncertainty": 1.828, "literacy_rate_pct": 42.872, "improved_water_pct": 68.71, "improved_sanitation_pct": 15.811, "deprivation_index": 0.671, "under5_share_pct": 19.286, "display_name": "Killa Abdullah" }, "geometry": { "type": "Polygon", "coordinates": [ [ [ 67.029053, 31.309873 ], [ 67.053569, 31.280116 ], [ 67.033913, 31.234906 ], [ 67.161026, 31.238182 ], [ 67.261274, 31.203456 ], [ 67.256993, 31.135336 ], [ 67.221903, 31.095085 ], [ 67.216742, 31.014583 ], [ 67.07638, 30.939242 ], [ 67.001098633000083, 30.973327637000068 ], [ 66.934082031000059, 30.921691895000038 ], [ 66.855517898000073, 30.951625539000077 ], [ 66.82765, 30.932017 ], [ 66.838076286000046, 30.853698730000076 ], [ 66.77295, 30.733859 ], [ 66.926729, 30.464487 ], [ 66.860677, 30.461391 ], [ 66.801848, 30.32619 ], [ 66.690384, 30.178603 ], [ 66.648069, 30.168282 ], [ 66.526285, 30.218854 ], [ 66.499451, 30.160026 ], [ 66.35496, 30.179635 ], [ 66.241096, 30.065993 ], [ 66.322832, 30.241232 ], [ 66.356415, 30.416536 ], [ 66.342073, 30.483688 ], [ 66.302032, 30.50368 ], [ 66.285651, 30.56396 ], [ 66.397439, 30.945103 ], [ 66.552326, 30.968232 ], [ 66.622008, 31.015367 ], [ 66.685991, 31.076343 ], [ 66.730935, 31.208643 ], [ 66.795364, 31.211708 ], [ 66.841388, 31.26335 ], [ 66.918602, 31.298628 ], [ 67.029053, 31.309873 ] ] ] } },
{ "type": "Feature", "properties": { "district_key": "KILLA SAIFULLAH DISTRICT", "area_sqkm": 6831, "census_population_2017": 342932, "u5mr_posterior_mean": 28.337, "u5mr_ci_lower95": 6.418, "u5mr_ci_upper95": 71.796, "u5mr_posterior_sd": 17.271, "province": "Balochistan", "had_direct_data": true, "n_births_direct": 401, "ci_width": 65.379, "run_mode": "normal", "model_version": "hazard_v1_censoring_corrected", "population_2017": 342932, "remoteness_proxy": 0.745, "norm_mortality_risk": 0.061, "norm_uncertainty": 0.129, "norm_geographic_accessibility_proxy": 0.745, "norm_population": 0.029, "priority_score": 0.215, "rank": 88, "relative_uncertainty": 2.307, "literacy_rate_pct": 32.771, "improved_water_pct": 38.785, "improved_sanitation_pct": 8.217, "deprivation_index": 0.704, "under5_share_pct": 20.273, "display_name": "Killa Saifullah" }, "geometry": { "type": "Polygon", "coordinates": [ [ [ 67.970836242000075, 31.517586810000068 ], [ 68.176884, 31.359375 ], [ 68.363934, 31.284778 ], [ 68.582159, 31.353808 ], [ 68.654529, 31.327087 ], [ 68.655643, 31.246922 ], [ 68.684591, 31.2035 ], [ 68.670117, 31.172325 ], [ 68.704632, 31.097728 ], [ 68.743601, 31.097728 ], [ 68.800384, 31.146717 ], [ 68.905042, 31.140037 ], [ 68.938444, 31.109975 ], [ 68.994114, 31.14115 ], [ 69.009701, 31.116656 ], [ 69.103226, 31.142264 ], [ 69.216792, 31.087707 ], [ 69.278029, 31.023131 ], [ 69.361533, 31.059873 ], [ 69.380461, 31.038718 ], [ 69.348172, 30.995296 ], [ 69.30809, 30.985275 ], [ 69.254647, 30.836081 ], [ 69.05868999900008, 30.752577 ], [ 69.084298, 30.690227 ], [ 69.139968, 30.696907 ], [ 69.158074, 30.66471 ], [ 68.795816, 30.50577 ], [ 68.764854, 30.506802 ], [ 68.749372, 30.540861001000053 ], [ 68.695705, 30.568727 ], [ 68.468648, 30.535701 ], [ 68.364409, 30.584208 ], [ 68.226111, 30.547053 ], [ 68.184828, 30.557374 ], [ 68.146641, 30.608978 ], [ 68.014536, 30.603817 ], [ 67.99183, 30.584208001000036 ], [ 67.960868, 30.596593 ], [ 67.938162, 30.657485 ], [ 67.807089, 30.611042 ], [ 67.693916, 30.616518 ], [ 67.667759, 30.680191 ], [ 67.511915, 30.66471 ], [ 67.483017, 30.671934 ], [ 67.4696, 30.708057 ], [ 67.431414, 30.701865 ], [ 67.484049, 30.788559 ], [ 67.441734, 30.824681 ], [ 67.470633, 30.866996 ], [ 67.620283, 30.92376 ], [ 67.7431, 31.023872 ], [ 67.754453, 31.073411006000072 ], [ 67.806057, 31.099213003000045 ], [ 67.823602, 31.143592 ], [ 67.590353, 31.153911727000036 ], [ 67.553198, 31.206549 ], [ 67.477857, 31.202421 ], [ 67.457216, 31.220998 ], [ 67.786761, 31.339742 ], [ 67.763326, 31.405462 ], [ 67.641957, 31.391504 ], [ 67.608905, 31.415693 ], [ 67.554813, 31.528445 ], [ 67.719867, 31.51591 ], [ 67.821625, 31.594651 ], [ 67.970836242000075, 31.517586810000068 ] ] ] } },
{ "type": "Feature", "properties": { "district_key": "KOHAT DISTRICT", "area_sqkm": 2545, "census_population_2017": 992427, "u5mr_posterior_mean": 31.034, "u5mr_ci_lower95": 11.0, "u5mr_ci_upper95": 62.931, "u5mr_posterior_sd": 13.554, "province": "Khyber Pakhtunkhwa", "had_direct_data": true, "n_births_direct": 558, "ci_width": 51.931, "run_mode": "normal", "model_version": "hazard_v1_censoring_corrected", "population_2017": 992427, "remoteness_proxy": 0.52, "norm_mortality_risk": 0.072, "norm_uncertainty": 0.079, "norm_geographic_accessibility_proxy": 0.52, "norm_population": 0.087, "priority_score": 0.166, "rank": 116, "relative_uncertainty": 1.673, "literacy_rate_pct": 59.295, "improved_water_pct": 61.653, "improved_sanitation_pct": 40.318, "deprivation_index": 0.621, "under5_share_pct": 14.233, "display_name": "Kohat" }, "geometry": { "type": "Polygon", "coordinates": [ [ [ 71.210431, 33.723368 ], [ 71.349585, 33.623972 ], [ 71.391995, 33.654453 ], [ 71.47615, 33.630598 ], [ 71.634521, 33.643851 ], [ 71.593437, 33.582888 ], [ 71.566932, 33.579575 ], [ 71.602050805000033, 33.543136498000024 ], [ 71.679579793000073, 33.549100512000052 ], [ 71.826024, 33.60608 ], [ 71.841265, 33.629273 ], [ 71.801507, 33.641863 ], [ 71.814659, 33.705194 ], [ 71.855072, 33.695436 ], [ 71.942541, 33.73163 ], [ 72.017573913000035, 33.718781131000071 ], [ 71.954577, 33.564997 ], [ 71.961866, 33.52325 ], [ 71.867108, 33.447709 ], [ 71.871084, 33.410601 ], [ 71.717351, 33.343012 ], [ 71.731929, 33.319819 ], [ 71.712712580000073, 33.246275647000061 ], [ 71.761086, 33.182653 ], [ 71.713375, 33.11175 ], [ 71.720664500000055, 33.057413 ], [ 71.635184, 33.08922 ], [ 71.602714, 33.132955 ], [ 71.599401, 33.187954 ], [ 71.555667, 33.22705 ], [ 71.518559, 33.217773 ], [ 71.525185500000077, 33.198556 ], [ 71.454945, 33.219098 ], [ 71.447186, 33.300818 ], [ 71.382615216000033, 33.289744444000064 ], [ 71.38572, 33.309752 ], [ 71.321037994000051, 33.307250054000065 ], [ 71.316034, 33.351206 ], [ 71.062804, 33.378314 ], [ 71.060163, 33.396948 ], [ 71.116984, 33.415174 ], [ 71.104834, 33.475568 ], [ 71.136996940000074, 33.474862395000059 ], [ 71.157723, 33.508802 ], [ 71.209183, 33.508088 ], [ 71.188456, 33.537391 ], [ 71.226694, 33.580632 ], [ 71.086517, 33.618671 ], [ 71.128263, 33.648489 ], [ 71.178624, 33.646502 ], [ 71.135552, 33.678971 ], [ 71.12495, 33.742585 ], [ 71.210431, 33.723368 ] ] ] } },
{ "type": "Feature", "properties": { "district_key": "KOHISTAN DISTRICT", "area_sqkm": 7492, "census_population_2017": 784711, "u5mr_posterior_mean": 37.656, "u5mr_ci_lower95": 6.003, "u5mr_ci_upper95": 124.108, "u5mr_posterior_sd": 33.188, "province": "Khyber Pakhtunkhwa", "had_direct_data": false, "n_births_direct": 0, "ci_width": 118.106, "run_mode": "normal", "model_version": "hazard_v1_censoring_corrected", "population_2017": 784711, "remoteness_proxy": 0.665, "norm_mortality_risk": 0.101, "norm_uncertainty": 0.323, "norm_geographic_accessibility_proxy": 0.665, "norm_population": 0.068, "priority_score": 0.277, "rank": 53, "relative_uncertainty": 3.136, "literacy_rate_pct": null, "improved_water_pct": 25.519, "improved_sanitation_pct": 8.949, "deprivation_index": 0.795, "under5_share_pct": 15.866, "display_name": "Kohistan" }, "geometry": { "type": "Polygon", "coordinates": [ [ [ 73.594125, 34.998603 ], [ 73.491282, 34.898809 ], [ 73.354342, 34.931242 ], [ 73.108459, 34.92847 ], [ 73.05274, 34.96617 ], [ 72.875882, 34.914055 ], [ 72.90747090800005, 34.967294382000034 ], [ 72.807689, 34.995831 ], [ 72.777770908000036, 35.131994382000073 ], [ 72.685378522000065, 35.182971768000073 ], [ 72.719070908000049, 35.259694382000077 ], [ 72.762470908000068, 35.274494382000057 ], [ 72.785570908000068, 35.375694382000063 ], [ 72.724870908000071, 35.422694382000032 ], [ 72.755870908000077, 35.459894382000073 ], [ 72.752070908000064, 35.586294382000062 ], [ 72.795470908000084, 35.724294382000039 ], [ 72.78972260200004, 35.85238286200007 ], [ 72.819470908000028, 35.888094382000077 ], [ 72.89076, 35.877431500000057 ], [ 72.903831500000081, 35.841782 ], [ 72.998896500000058, 35.862578 ], [ 73.026270908000072, 35.842294382000034 ], [ 73.092179, 35.875649 ], [ 73.129070908000074, 35.84589438200004 ], [ 73.17833150000007, 35.860201 ], [ 73.200315, 35.78712 ], [ 73.111786, 35.759194 ], [ 73.126046, 35.721168 ], [ 73.240123500000038, 35.657593500000075 ], [ 73.331029500000056, 35.662941 ], [ 73.355983500000036, 35.609467 ], [ 73.395198, 35.586889 ], [ 73.405298500000072, 35.529256 ], [ 73.785556824000082, 35.524488677000079 ], [ 73.79447, 35.44904450000007 ], [ 73.754661500000054, 35.443103 ], [ 73.698217, 35.37121 ], [ 73.711870908000037, 35.279694382000059 ], [ 73.74990850000006, 35.220888 ], [ 73.809335193000038, 35.242867025000066 ], [ 73.871116, 35.204846 ], [ 73.925778, 35.210193500000059 ], [ 73.954772, 35.144692 ], [ 73.849670908000064, 35.092094382000028 ], [ 73.823099, 35.004425 ], [ 73.717817026000034, 35.025478462000024 ], [ 73.662041, 34.980862 ], [ 73.594125, 34.998603 ] ] ] } },
{ "type": "Feature", "properties": { "district_key": "KOHLU DISTRICT", "area_sqkm": 7610, "census_population_2017": 213933, "u5mr_posterior_mean": 34.459, "u5mr_ci_lower95": 6.005, "u5mr_ci_upper95": 97.965, "u5mr_posterior_sd": 24.772, "province": "Balochistan", "had_direct_data": true, "n_births_direct": 282, "ci_width": 91.96, "run_mode": "normal", "model_version": "hazard_v1_censoring_corrected", "population_2017": 213933, "remoteness_proxy": 0.808, "norm_mortality_risk": 0.087, "norm_uncertainty": 0.226, "norm_geographic_accessibility_proxy": 0.808, "norm_population": 0.017, "priority_score": 0.266, "rank": 63, "relative_uncertainty": 2.669, "literacy_rate_pct": 18.772, "improved_water_pct": 15.973, "improved_sanitation_pct": 6.602, "deprivation_index": 0.811, "under5_share_pct": 18.145, "display_name": "Kohlu" }, "geometry": { "type": "Polygon", "coordinates": [ [ [ 69.48984839700006, 30.070315867000033 ], [ 69.479368, 29.991718 ], [ 69.391787, 29.889166 ], [ 69.282498, 29.860721 ], [ 69.066914, 29.733466 ], [ 69.103593, 29.677325 ], [ 69.251807, 29.611452001000032 ], [ 69.494247279000035, 29.698393385000031 ], [ 69.651364, 29.684582 ], [ 69.631967732000078, 29.665683450000074 ], [ 69.551978, 29.675828 ], [ 69.459906, 29.613698 ], [ 69.429215, 29.548573 ], [ 69.503322, 29.51414 ], [ 69.493591, 29.470723 ], [ 69.32816, 29.359937 ], [ 69.251059, 29.337481 ], [ 69.204648, 29.268613 ], [ 69.141021, 29.248402 ], [ 69.00179, 29.260379 ], [ 68.917952, 29.224449 ], [ 68.646975, 29.267116 ], [ 68.444865, 29.222952 ], [ 68.323599, 29.273853 ], [ 68.1528, 29.408722 ], [ 68.102353, 29.422034 ], [ 68.197641, 29.588088 ], [ 68.262802, 29.628025 ], [ 68.436563, 29.624522 ], [ 68.566884, 29.717709 ], [ 68.574591, 29.825609 ], [ 68.413441, 29.897776 ], [ 68.413423621000049, 30.011043438000058 ], [ 68.519786365000073, 29.930161817000055 ], [ 68.63264, 29.913128 ], [ 68.769626, 29.927323 ], [ 68.939965525000048, 30.02173939000005 ], [ 69.047147, 29.974878 ], [ 69.339583824000044, 30.008204738000074 ], [ 69.412129547000063, 30.065298816000052 ], [ 69.453919781000081, 30.044117 ], [ 69.48984839700006, 30.070315867000033 ] ] ] } },
{ "type": "Feature", "properties": { "district_key": "KORANGI DISTRICT", "area_sqkm": 108, "census_population_2017": 2577556, "u5mr_posterior_mean": 14.106, "u5mr_ci_lower95": 3.57, "u5mr_ci_upper95": 33.923, "u5mr_posterior_sd": 7.889, "province": "Sindh", "had_direct_data": true, "n_births_direct": 519, "ci_width": 30.353, "run_mode": "normal", "model_version": "hazard_v1_censoring_corrected", "population_2017": 2577556, "remoteness_proxy": 0.065, "norm_mortality_risk": 0.0, "norm_uncertainty": 0.0, "norm_geographic_accessibility_proxy": 0.065, "norm_population": 0.23, "priority_score": 0.036, "rank": 135, "relative_uncertainty": 2.152, "literacy_rate_pct": 80.191, "improved_water_pct": 82.148, "improved_sanitation_pct": 94.846, "deprivation_index": 0.198, "under5_share_pct": 11.191, "display_name": "Korangi" }, "geometry": { "type": "Polygon", "coordinates": [ [ [ 67.142673552000076, 24.894856490000052 ], [ 67.190785, 24.877446 ], [ 67.241771068000048, 24.82007038200004 ], [ 67.142629880000072, 24.798979333000034 ], [ 67.087475808000079, 24.81915745200007 ], [ 67.142673552000076, 24.894856490000052 ] ] ] } },
{ "type": "Feature", "properties": { "district_key": "KURRAM AGENCY DISTRICT", "area_sqkm": 3380, "census_population_2017": 615372, "u5mr_posterior_mean": 16.721, "u5mr_ci_lower95": 1.481, "u5mr_ci_upper95": 58.632, "u5mr_posterior_sd": 15.549, "province": "Fata", "had_direct_data": true, "n_births_direct": 791, "ci_width": 57.151, "run_mode": "normal", "model_version": "hazard_v1_censoring_corrected", "population_2017": 615372, "remoteness_proxy": 0.604, "norm_mortality_risk": 0.011, "norm_uncertainty": 0.099, "norm_geographic_accessibility_proxy": 0.604, "norm_population": 0.053, "priority_score": 0.16, "rank": 119, "relative_uncertainty": 3.418, "literacy_rate_pct": 40.428, "improved_water_pct": 40.575, "improved_sanitation_pct": 37.155, "deprivation_index": 0.741, "under5_share_pct": 17.358, "display_name": "Kurram Agency" }, "geometry": { "type": "Polygon", "coordinates": [ [ [ 70.035592, 34.04018 ], [ 70.240804, 33.972754 ], [ 70.444398152000076, 33.953139505000024 ], [ 70.446774204000064, 33.902642343000025 ], [ 70.499055721000047, 33.884425190000059 ], [ 70.496121274000075, 33.852479717000051 ], [ 70.570560330000035, 33.842143339000074 ], [ 70.577041982000082, 33.786578166000027 ], [ 70.609061323000049, 33.775017332000061 ], [ 70.58524767800003, 33.740010702000063 ], [ 70.620482736000042, 33.683074961000045 ], [ 70.750401305000082, 33.645983923000074 ], [ 70.742675781000059, 33.482910156000059 ], [ 70.625319, 33.47554 ], [ 70.580922, 33.419878 ], [ 70.50008, 33.41524 ], [ 70.537579921000031, 33.346069621000026 ], [ 70.464161653000076, 33.333006381000075 ], [ 70.448707054000067, 33.352422782000076 ], [ 70.381677639000031, 33.352922469000077 ], [ 70.324000315000035, 33.332979229000046 ], [ 70.296002, 33.429728 ], [ 70.261232, 33.43024 ], [ 70.175334, 33.527905 ], [ 70.192075, 33.638255 ], [ 70.14752, 33.660532 ], [ 70.138016, 33.714028 ], [ 69.989734, 33.741644 ], [ 69.862499, 33.933104 ], [ 69.900263, 33.976345 ], [ 69.902822, 34.030545 ], [ 70.035592, 34.04018 ] ] ] } },
{ "type": "Feature", "properties": { "district_key": "LAHORE DISTRICT", "area_sqkm": 1772, "census_population_2017": 11119985, "u5mr_posterior_mean": 75.19, "u5mr_ci_lower95": 50.669, "u5mr_ci_upper95": 104.724, "u5mr_posterior_sd": 13.766, "province": "Punjab", "had_direct_data": true, "n_births_direct": 1108, "ci_width": 54.055, "run_mode": "normal", "model_version": "hazard_v1_censoring_corrected", "population_2017": 11119985, "remoteness_proxy": 0.213, "norm_mortality_risk": 0.262, "norm_uncertainty": 0.087, "norm_geographic_accessibility_proxy": 0.213, "norm_population": 1.0, "priority_score": 0.273, "rank": 59, "relative_uncertainty": 0.719, "literacy_rate_pct": 77.08, "improved_water_pct": 88.866, "improved_sanitation_pct": 91.679, "deprivation_index": 0.167, "under5_share_pct": 11.728, "display_name": "Lahore" }, "geometry": { "type": "Polygon", "coordinates": [ [ [ 74.498297, 31.705711 ], [ 74.535186, 31.6776 ], [ 74.555402, 31.607837 ], [ 74.615873, 31.569079 ], [ 74.612672, 31.527188 ], [ 74.575338, 31.500886 ], [ 74.636312, 31.484709 ], [ 74.643454, 31.416088 ], [ 74.601193, 31.420003 ], [ 74.551839434000044, 31.353897400000051 ], [ 74.497253, 31.34524 ], [ 74.471496, 31.363926 ], [ 74.439679, 31.289685999000028 ], [ 74.277564, 31.294736 ], [ 74.22605, 31.254334 ], [ 74.188257540000052, 31.293175912000038 ], [ 74.133629, 31.295746 ], [ 74.119993, 31.263929 ], [ 74.032457223000051, 31.311503110000046 ], [ 74.006849, 31.358902 ], [ 74.073108500000046, 31.370993 ], [ 74.074559500000078, 31.416455 ], [ 74.108414500000038, 31.458048 ], [ 74.128243816000065, 31.419357474000037 ], [ 74.17999350000008, 31.467238 ], [ 74.18337850000006, 31.509798 ], [ 74.247703500000057, 31.568319 ], [ 74.24044850000007, 31.611363 ], [ 74.280107, 31.6694 ], [ 74.341045500000064, 31.646185500000058 ], [ 74.368614, 31.669884 ], [ 74.407304783000029, 31.640382180000074 ], [ 74.450832500000047, 31.671819 ], [ 74.438257500000077, 31.692615 ], [ 74.498297, 31.705711 ] ] ] } },
{ "type": "Feature", "properties": { "district_key": "LAKKI MARWAT DISTRICT", "area_sqkm": 3164, "census_population_2017": 875744, "u5mr_posterior_mean": 29.091, "u5mr_ci_lower95": 8.388, "u5mr_ci_upper95": 66.547, "u5mr_posterior_sd": 14.966, "province": "Khyber Pakhtunkhwa", "had_direct_data": true, "n_births_direct": 316, "ci_width": 58.159, "run_mode": "normal", "model_version": "hazard_v1_censoring_corrected", "population_2017": 875744, "remoteness_proxy": 0.558, "norm_mortality_risk": 0.064, "norm_uncertainty": 0.102, "norm_geographic_accessibility_proxy": 0.558, "norm_population": 0.077, "priority_score": 0.176, "rank": 109, "relative_uncertainty": 1.999, "literacy_rate_pct": 44.818, "improved_water_pct": 55.995, "improved_sanitation_pct": 47.38, "deprivation_index": 0.723, "under5_share_pct": 17.552, "display_name": "Lakki Marwat" }, "geometry": { "type": "Polygon", "coordinates": [ [ [ 70.883742598000083, 32.855871272000059 ], [ 70.953605306000043, 32.867237613000043 ], [ 70.995481, 32.814091 ], [ 71.10889, 32.802621 ], [ 71.162236077000045, 32.594951964000074 ], [ 71.246250076000081, 32.53596258400006 ], [ 71.178422, 32.449422 ], [ 71.145901, 32.460804 ], [ 71.041837, 32.386821 ], [ 70.815008, 32.296577 ], [ 70.660537, 32.268122 ], [ 70.704439, 32.371373 ], [ 70.601339, 32.429105 ], [ 70.592849, 32.506758 ], [ 70.400066, 32.723464 ], [ 70.510183, 32.762988 ], [ 70.514829, 32.797652 ], [ 70.572722, 32.839821 ], [ 70.609173, 32.814806 ], [ 70.675285, 32.842322 ], [ 70.739967, 32.816235 ], [ 70.789998, 32.870197 ], [ 70.829665, 32.854473 ], [ 70.866831, 32.875914 ], [ 70.883742598000083, 32.855871272000059 ] ] ] } },
{ "type": "Feature", "properties": { "district_key": "LARKANA DISTRICT", "area_sqkm": 1948, "census_population_2017": 1521786, "u5mr_posterior_mean": 27.143, "u5mr_ci_lower95": 7.015, "u5mr_ci_upper95": 63.708, "u5mr_posterior_sd": 15.088, "province": "Sindh", "had_direct_data": true, "n_births_direct": 508, "ci_width": 56.693, "run_mode": "normal", "model_version": "hazard_v1_censoring_corrected", "population_2017": 1521786, "remoteness_proxy": 0.444, "norm_mortality_risk": 0.056, "norm_uncertainty": 0.097, "norm_geographic_accessibility_proxy": 0.444, "norm_population": 0.135, "priority_score": 0.154, "rank": 122, "relative_uncertainty": 2.089, "literacy_rate_pct": 53.801, "improved_water_pct": 95.212, "improved_sanitation_pct": 36.261, "deprivation_index": 0.597, "under5_share_pct": 14.549, "display_name": "Larkana" }, "geometry": { "type": "Polygon", "coordinates": [ [ [ 68.118277, 27.922089 ], [ 68.241628012000035, 27.928243903000066 ], [ 68.343806, 27.750964 ], [ 68.39755, 27.736787 ], [ 68.496762, 27.641264 ], [ 68.432212, 27.608708 ], [ 68.335667, 27.604218 ], [ 68.342964, 27.539667 ], [ 68.271116, 27.495885 ], [ 68.349699, 27.37801 ], [ 68.220037, 27.333667 ], [ 68.177378, 27.235438 ], [ 68.134157, 27.20625 ], [ 68.093743, 27.211302 ], [ 68.093743, 27.143945 ], [ 68.071852, 27.123176 ], [ 67.939683921000039, 27.221128779000026 ], [ 67.995427956000071, 27.292389019000041 ], [ 68.015405, 27.370798 ], [ 68.054641, 27.373106 ], [ 68.002875, 27.411023 ], [ 68.11564, 27.597315 ], [ 68.099483, 27.68535 ], [ 68.144325, 27.676448 ], [ 68.195761, 27.717992 ], [ 68.170373, 27.758878 ], [ 68.182243, 27.832405 ], [ 68.118277, 27.922089 ] ] ] } },
{ "type": "Feature", "properties": { "district_key": "LASBELA DISTRICT", "area_sqkm": 15153, "census_population_2017": 576271, "u5mr_posterior_mean": 41.924, "u5mr_ci_lower95": 11.378, "u5mr_ci_upper95": 96.89, "u5mr_posterior_sd": 22.233, "province": "Balochistan", "had_direct_data": true, "n_births_direct": 617, "ci_width": 85.512, "run_mode": "normal", "model_version": "hazard_v1_censoring_corrected", "population_2017": 576271, "remoteness_proxy": 0.775, "norm_mortality_risk": 0.119, "norm_uncertainty": 0.203, "norm_geographic_accessibility_proxy": 0.775, "norm_population": 0.05, "priority_score": 0.269, "rank": 61, "relative_uncertainty": 2.04, "literacy_rate_pct": 34.488, "improved_water_pct": 21.873, "improved_sanitation_pct": 22.212, "deprivation_index": 0.776, "under5_share_pct": 15.55, "display_name": "Lasbela" }, "geometry": { "type": "Polygon", "coordinates": [ [ [ 67.416959893000069, 26.096498904000043 ], [ 67.409827, 25.804202 ], [ 67.349853, 25.73318 ], [ 67.296587, 25.585217 ], [ 67.263838, 25.57417 ], [ 67.248490910000044, 25.526449960000036 ], [ 67.162039, 25.452643 ], [ 67.140733, 25.310599 ], [ 67.029466787000047, 25.193809155000054 ], [ 67.006208317000073, 25.088903810000033 ], [ 66.91504, 25.010728 ], [ 66.79115911100007, 24.967329784000071 ], [ 66.691210622000028, 24.897204055000032 ], [ 66.677437, 24.935993 ], [ 66.701101, 24.952549 ], [ 66.712081, 25.017375 ], [ 66.701823, 25.086858 ], [ 66.747979, 25.175984 ], [ 66.662416, 25.276621 ], [ 66.551845, 25.355373 ], [ 66.555274963000045, 25.392181396000069 ], [ 66.579401451000081, 25.372844408000049 ], [ 66.594200134000062, 25.425022125000055 ], [ 66.560005188000048, 25.452957153000057 ], [ 66.557609558000081, 25.538118362000034 ], [ 66.515884399000072, 25.563455582000074 ], [ 66.539245605000076, 25.644187927000075 ], [ 66.502792358000079, 25.577363968000043 ], [ 66.467216492000034, 25.569911957000045 ], [ 66.455169678000061, 25.619382858000051 ], [ 66.399085999000079, 25.583518982000044 ], [ 66.367561340000066, 25.615905762000068 ], [ 66.296890259000065, 25.623928070000034 ], [ 66.232208252000078, 25.590358734000063 ], [ 66.190063477000081, 25.599283218000039 ], [ 66.091850281000063, 25.479614258000026 ], [ 66.195625305000078, 25.488958359000037 ], [ 66.334930420000035, 25.553155899000046 ], [ 66.426528931000064, 25.482631683000022 ], [ 66.517433167000036, 25.492052078000029 ], [ 66.49284362800006, 25.447839737000038 ], [ 66.528404236000029, 25.41579437300004 ], [ 66.511150986000075, 25.398511324000026 ], [ 66.2853, 25.468525 ], [ 65.995471, 25.418907 ], [ 65.818354, 25.416475 ], [ 65.770027, 25.382947 ], [ 65.63405, 25.353499 ], [ 65.457399, 25.389965 ], [ 65.267336038000053, 25.37866303800007 ], [ 65.240799043000038, 25.350092335000056 ], [ 65.207638038000027, 25.383802039000045 ], [ 65.206138, 25.564556 ], [ 65.256199, 25.561427 ], [ 65.305479, 25.612271 ], [ 65.34146, 25.588805 ], [ 65.359451, 25.624004 ], [ 65.532319, 25.688927 ], [ 65.534729004000042, 25.639709473000039 ], [ 65.504126285000041, 25.620048638000071 ], [ 65.545617, 25.54813 ], [ 65.540108381000039, 25.470654758000023 ], [ 65.498684, 25.439403 ], [ 65.522933, 25.428452 ], [ 65.739605, 25.518406 ], [ 65.816261, 25.488682 ], [ 65.97505, 25.4879 ], [ 66.046231, 25.455829 ], [ 66.076737, 25.478513 ], [ 66.259774, 25.846934 ], [ 66.202672, 26.162164 ], [ 66.161215, 26.272455 ], [ 66.166687011000079, 26.336730957000043 ], [ 66.217534, 26.368667 ], [ 66.236312202000079, 26.468008 ], [ 66.278492202000052, 26.495707 ], [ 66.460341, 26.427944 ], [ 66.563714, 26.460097 ], [ 66.61108398500005, 26.408325195000032 ], [ 66.638488770000038, 26.440490723000039 ], [ 66.754699707000043, 26.468688965000069 ], [ 66.779113770000038, 26.337280274000022 ], [ 66.831298828000058, 26.256103516000053 ], [ 66.98585, 25.736831 ], [ 67.09026, 25.747894 ], [ 67.122758, 25.785233 ], [ 67.136588, 25.861639 ], [ 67.11861, 26.009957 ], [ 67.147651, 26.273403 ], [ 67.108583, 26.29553 ], [ 67.084728, 26.377122 ], [ 66.986887, 26.506079 ], [ 66.974121094000054, 26.583312988000046 ], [ 67.127546794000068, 26.655088 ], [ 67.177427, 26.477334 ], [ 67.255157, 26.370801 ], [ 67.359323, 26.154578 ], [ 67.416959893000069, 26.096498904000043 ] ] ] } },
{ "type": "Feature", "properties": { "district_key": "LAYYAH DISTRICT", "area_sqkm": 6289, "census_population_2017": 1823995, "u5mr_posterior_mean": 85.841, "u5mr_ci_lower95": 40.982, "u5mr_ci_upper95": 147.157, "u5mr_posterior_sd": 27.248, "province": "Punjab", "had_direct_data": true, "n_births_direct": 373, "ci_width": 106.175, "run_mode": "normal", "model_version": "hazard_v1_censoring_corrected", "population_2017": 1823995, "remoteness_proxy": 0.553, "norm_mortality_risk": 0.307, "norm_uncertainty": 0.279, "norm_geographic_accessibility_proxy": 0.553, "norm_population": 0.162, "priority_score": 0.333, "rank": 29, "relative_uncertainty": 1.237, "literacy_rate_pct": 58.185, "improved_water_pct": 96.455, "improved_sanitation_pct": 24.271, "deprivation_index": 0.576, "under5_share_pct": 14.644, "display_name": "Layyah" }, "geometry": { "type": "Polygon", "coordinates": [ [ [ 70.924287703000061, 31.351494733000038 ], [ 71.194455946000062, 31.344619968000075 ], [ 71.198840233000055, 31.304233177000071 ], [ 71.245707, 31.240643 ], [ 71.281877, 31.235976 ], [ 71.293545, 31.163636 ], [ 71.327382, 31.137383 ], [ 71.455728, 31.150801 ], [ 71.495397999000033, 31.224309 ], [ 71.54207, 31.239477 ], [ 71.61091, 31.230726 ], [ 71.690251, 31.172387 ], [ 71.754424, 31.177054 ], [ 71.816025, 31.059038 ], [ 71.782791, 30.962976 ], [ 71.826041, 30.929286 ], [ 71.812383, 30.884669 ], [ 71.858366, 30.870556 ], [ 71.851081, 30.856442 ], [ 71.807375, 30.836866 ], [ 71.797359, 30.792704 ], [ 71.751832, 30.784054 ], [ 71.703118, 30.73534 ], [ 71.65602926300005, 30.614059199000053 ], [ 71.59795, 30.618336 ], [ 71.573365, 30.585100990000058 ], [ 71.490181565000057, 30.599451561000024 ], [ 71.332982500000071, 30.729877 ], [ 71.216888, 30.765843 ], [ 71.164159188000042, 30.759219567000059 ], [ 71.144768209000063, 30.666126539000061 ], [ 71.106257, 30.645652 ], [ 71.024182388000042, 30.640087750000077 ], [ 70.95966, 30.66705 ], [ 70.801064, 30.646511 ], [ 70.795749164000028, 30.75424109800008 ], [ 70.741657, 30.775097 ], [ 70.741074, 30.844521 ], [ 70.770827, 30.841021 ], [ 70.787745, 30.873107 ], [ 70.757992, 30.911611 ], [ 70.793579, 30.954782 ], [ 70.767336068000077, 30.982185256000037 ], [ 70.778994, 31.113464 ], [ 70.749825, 31.184638 ], [ 70.76616, 31.251728 ], [ 70.74049, 31.27098 ], [ 70.80713455800003, 31.360435573000075 ], [ 70.849612079000053, 31.350299028000052 ], [ 70.931266707000077, 31.385319471000059 ], [ 70.924287703000061, 31.351494733000038 ] ] ] } },
{ "type": "Feature", "properties": { "district_key": "LODHRAN DISTRICT", "area_sqkm": 2778, "census_population_2017": 1699693, "u5mr_posterior_mean": 32.996, "u5mr_ci_lower95": 8.591, "u5mr_ci_upper95": 77.393, "u5mr_posterior_sd": 18.025, "province": "Punjab", "had_direct_data": true, "n_births_direct": 198, "ci_width": 68.802, "run_mode": "normal", "model_version": "hazard_v1_censoring_corrected", "population_2017": 1699693, "remoteness_proxy": 0.471, "norm_mortality_risk": 0.081, "norm_uncertainty": 0.141, "norm_geographic_accessibility_proxy": 0.471, "norm_population": 0.151, "priority_score": 0.184, "rank": 106, "relative_uncertainty": 2.085, "literacy_rate_pct": 49.885, "improved_water_pct": 83.258, "improved_sanitation_pct": 32.493, "deprivation_index": 0.575, "under5_share_pct": 14.092, "display_name": "Lodhran" }, "geometry": { "type": "Polygon", "coordinates": [ [ [ 71.628822706000051, 29.911727964000079 ], [ 71.681497, 29.902653 ], [ 71.67666, 29.935541 ], [ 71.703744, 29.95537 ], [ 71.758396, 29.942795 ], [ 71.758879, 29.918613 ], [ 71.798538, 29.899751 ], [ 71.894783, 29.915228 ], [ 71.885594, 29.889111 ], [ 71.920416, 29.879438 ], [ 71.922351, 29.867347 ], [ 71.893332, 29.876536 ], [ 71.887528, 29.857674 ], [ 71.989093, 29.795768 ], [ 71.934930098000052, 29.746436 ], [ 71.991028, 29.729509 ], [ 71.992962, 29.699523 ], [ 72.069862, 29.67921 ], [ 72.061156, 29.653577 ], [ 72.097913, 29.669537 ], [ 72.107586, 29.612467 ], [ 72.072684098000082, 29.607214 ], [ 72.069274098000051, 29.554353 ], [ 72.028006130000051, 29.579588748000049 ], [ 72.01197909800004, 29.549238 ], [ 71.923649717000046, 29.566289764000032 ], [ 71.945818098000075, 29.515475 ], [ 71.91410109800006, 29.530139 ], [ 71.907280098000058, 29.500469 ], [ 71.886472, 29.54685 ], [ 71.876587098000073, 29.515134 ], [ 71.826454098000056, 29.53696 ], [ 71.792691098000034, 29.501492 ], [ 71.751761, 29.527411 ], [ 71.715952, 29.476937 ], [ 71.632397, 29.472504 ], [ 71.609207, 29.434648 ], [ 71.545773, 29.419302 ], [ 71.51849, 29.446244 ], [ 71.480635, 29.372238 ], [ 71.438346, 29.418961 ], [ 71.393329, 29.41555 ], [ 71.377641, 29.389972 ], [ 71.355021, 29.422873 ], [ 71.392763138000078, 29.467374802000052 ], [ 71.362188065000055, 29.557708049000041 ], [ 71.42033, 29.611016 ], [ 71.424682, 29.702909 ], [ 71.445479, 29.72564 ], [ 71.418395, 29.749338 ], [ 71.434658961000082, 29.809833389000062 ], [ 71.508836, 29.78948100100007 ], [ 71.498196, 29.861543 ], [ 71.522149050000053, 29.872124682000049 ], [ 71.546077, 29.848485 ], [ 71.548495, 29.922482 ], [ 71.604597, 29.969396 ], [ 71.628822706000051, 29.911727964000079 ] ] ] } },
{ "type": "Feature", "properties": { "district_key": "LORALAI DISTRICT", "area_sqkm": 8018, "census_population_2017": 397423, "u5mr_posterior_mean": 221.897, "u5mr_ci_lower95": 123.362, "u5mr_ci_upper95": 348.27, "u5mr_posterior_sd": 58.556, "province": "Balochistan", "had_direct_data": true, "n_births_direct": 360, "ci_width": 224.909, "run_mode": "normal", "model_version": "hazard_v1_censoring_corrected", "population_2017": 397423, "remoteness_proxy": 0.747, "norm_mortality_risk": 0.89, "norm_uncertainty": 0.715, "norm_geographic_accessibility_proxy": 0.747, "norm_population": 0.033, "priority_score": 0.723, "rank": 2, "relative_uncertainty": 1.014, "literacy_rate_pct": 37.161, "improved_water_pct": 45.704, "improved_sanitation_pct": 21.305, "deprivation_index": 0.739, "under5_share_pct": 18.022, "display_name": "Loralai" }, "geometry": { "type": "MultiPolygon", "coordinates": [ [ [ [ 69.616278659000045, 30.147583713000074 ], [ 69.563151, 30.148772 ], [ 69.589413, 30.233234999000047 ], [ 69.396366349000061, 30.03659420300005 ], [ 69.339583824000044, 30.008204738000074 ], [ 69.047147, 29.974878 ], [ 68.939965525000048, 30.02173939000005 ], [ 68.769626, 29.927323 ], [ 68.564502, 29.910999 ], [ 68.470102, 29.959263 ], [ 68.380641689000072, 30.058008560000076 ], [ 68.226610016000052, 30.137535498000034 ], [ 68.211813459000041, 30.171280205000073 ], [ 68.318764234000071, 30.160493906000056 ], [ 68.460098255000048, 30.185214935000033 ], [ 68.544897622000065, 30.234679898000024 ], [ 68.57673, 30.278157 ], [ 68.498998, 30.305245 ], [ 68.484865, 30.342933 ], [ 68.521376, 30.368844 ], [ 68.509598, 30.387688 ], [ 68.342357, 30.375911 ], [ 68.301135, 30.451287 ], [ 68.238714, 30.461887 ], [ 68.211626, 30.530197 ], [ 68.026718, 30.536086 ], [ 67.960763, 30.474842 ], [ 67.784830900000031, 30.49926696700004 ], [ 67.691496, 30.616202 ], [ 67.807089, 30.611042 ], [ 67.938162, 30.657485 ], [ 67.960868, 30.596593 ], [ 67.99183, 30.584208001000036 ], [ 68.014536, 30.603817 ], [ 68.146641, 30.608978 ], [ 68.184828, 30.557374 ], [ 68.226111, 30.547053 ], [ 68.364409, 30.584208 ], [ 68.468648, 30.535701 ], [ 68.695705, 30.568727 ], [ 68.749372, 30.540861001000053 ], [ 68.764854, 30.506802 ], [ 68.795816, 30.50577 ], [ 69.042482, 30.598657 ], [ 69.105438, 30.653357 ], [ 69.158074, 30.66471 ], [ 69.154655, 30.684077 ], [ 69.193411, 30.683546 ], [ 69.229039, 30.62231 ], [ 69.344832, 30.611176 ], [ 69.562072754000042, 30.446472168000071 ], [ 69.652099609000061, 30.409729004000042 ], [ 69.649902724000071, 30.379590909000058 ], [ 69.744352454000079, 30.356854241000065 ], [ 69.616278659000045, 30.147583713000074 ] ] ], [ [ [ 69.619193296000049, 30.150618622000025 ], [ 69.619226609000066, 30.150595998000028 ], [ 69.619226559000083, 30.150595946000067 ], [ 69.619193296000049, 30.150618622000025 ] ] ] ] } },
{ "type": "Feature", "properties": { "district_key": "LOWER DIR DISTRICT", "area_sqkm": 1583, "census_population_2017": 1436082, "u5mr_posterior_mean": 51.972, "u5mr_ci_lower95": 15.846, "u5mr_ci_upper95": 117.359, "u5mr_posterior_sd": 26.45, "province": "Khyber Pakhtunkhwa", "had_direct_data": true, "n_births_direct": 366, "ci_width": 101.513, "run_mode": "normal", "model_version": "hazard_v1_censoring_corrected", "population_2017": 1436082, "remoteness_proxy": 0.427, "norm_mortality_risk": 0.162, "norm_uncertainty": 0.262, "norm_geographic_accessibility_proxy": 0.427, "norm_population": 0.127, "priority_score": 0.241, "rank": 71, "relative_uncertainty": 1.953, "literacy_rate_pct": 57.289, "improved_water_pct": 52.494, "improved_sanitation_pct": 34.206, "deprivation_index": 0.599, "under5_share_pct": 16.659, "display_name": "Lower Dir" }, "geometry": { "type": "Polygon", "coordinates": [ [ [ 71.830255, 35.073727 ], [ 71.912208947000067, 34.994951306000075 ], [ 71.999570040000037, 34.973312300000032 ], [ 72.070386880000058, 34.89514915400008 ], [ 72.127532086000031, 34.889843203000055 ], [ 72.192288, 34.803449 ], [ 72.123739805000071, 34.741621438000038 ], [ 72.091661, 34.660687 ], [ 71.810573, 34.627977 ], [ 71.759927, 34.656163 ], [ 71.762411, 34.731908 ], [ 71.80482, 34.754438 ], [ 71.696147, 34.808774 ], [ 71.615967, 34.814076 ], [ 71.592775, 34.891605 ], [ 71.507758, 34.981457 ], [ 71.554933, 35.02077 ], [ 71.537244, 35.054574 ], [ 71.727688, 35.027156 ], [ 71.830255, 35.073727 ] ], [ [ 71.979175224000073, 34.955507825000041 ], [ 71.979204668000079, 34.955500464000067 ], [ 71.979523791000076, 34.955507825000041 ], [ 71.979175224000073, 34.955507825000041 ] ] ] } },
{ "type": "Feature", "properties": { "district_key": "MALAKAND PROTECTED AREA DISTRICT", "area_sqkm": 952, "census_population_2017": 717806, "u5mr_posterior_mean": 24.435, "u5mr_ci_lower95": 4.988, "u5mr_ci_upper95": 64.53, "u5mr_posterior_sd": 15.987, "province": "Khyber Pakhtunkhwa", "had_direct_data": true, "n_births_direct": 334, "ci_width": 59.542, "run_mode": "normal", "model_version": "hazard_v1_censoring_corrected", "population_2017": 717806, "remoteness_proxy": 0.448, "norm_mortality_risk": 0.044, "norm_uncertainty": 0.107, "norm_geographic_accessibility_proxy": 0.448, "norm_population": 0.062, "priority_score": 0.146, "rank": 125, "relative_uncertainty": 2.437, "literacy_rate_pct": 61.831, "improved_water_pct": 57.688, "improved_sanitation_pct": 42.085, "deprivation_index": 0.556, "under5_share_pct": 15.215, "display_name": "Malakand Protected Area" }, "geometry": { "type": "Polygon", "coordinates": [ [ [ 72.09662155500007, 34.67045700400007 ], [ 72.136846, 34.657638 ], [ 72.117273620000049, 34.628012417000036 ], [ 72.139894717000061, 34.581832741000028 ], [ 72.221209720000047, 34.570327132000045 ], [ 72.235254, 34.535667 ], [ 72.210029, 34.515153 ], [ 72.125530039000068, 34.529565309000077 ], [ 72.080574359000082, 34.488264 ], [ 71.999629359000039, 34.525964004000059 ], [ 71.959434, 34.486047 ], [ 71.960265284000059, 34.439198 ], [ 71.831057170000065, 34.364057091000063 ], [ 71.750696, 34.457771 ], [ 71.704248973000063, 34.443057961000079 ], [ 71.663015, 34.463538 ], [ 71.642473, 34.54173 ], [ 71.677593, 34.612633 ], [ 71.729942, 34.646427 ], [ 71.759927, 34.656163 ], [ 71.82776, 34.62465 ], [ 72.023746, 34.639897 ], [ 72.09662155500007, 34.67045700400007 ] ] ] } },
{ "type": "Feature", "properties": { "district_key": "MALIR DISTRICT", "area_sqkm": 2160, "census_population_2017": 1924346, "u5mr_posterior_mean": 30.166, "u5mr_ci_lower95": 10.389, "u5mr_ci_upper95": 62.09, "u5mr_posterior_sd": 13.47, "province": "Sindh", "had_direct_data": true, "n_births_direct": 833, "ci_width": 51.701, "run_mode": "normal", "model_version": "hazard_v1_censoring_corrected", "population_2017": 1924346, "remoteness_proxy": 0.429, "norm_mortality_risk": 0.069, "norm_uncertainty": 0.078, "norm_geographic_accessibility_proxy": 0.429, "norm_population": 0.171, "priority_score": 0.154, "rank": 121, "relative_uncertainty": 1.714, "literacy_rate_pct": 63.693, "improved_water_pct": 81.755, "improved_sanitation_pct": 83.791, "deprivation_index": 0.391, "under5_share_pct": 13.053, "display_name": "Malir" }, "geometry": { "type": "Polygon", "coordinates": [ [ [ 67.36938735800004, 25.333449653000059 ], [ 67.271248, 25.181921 ], [ 67.496708, 25.060419 ], [ 67.579875, 24.790126 ], [ 67.439046974000064, 24.838614987000028 ], [ 67.428799526000034, 24.772449676000065 ], [ 67.320745573000067, 24.762521809000077 ], [ 67.214658582000084, 24.813763440000059 ], [ 67.180751429000054, 24.779863999000042 ], [ 67.135636848000047, 24.777199003000078 ], [ 67.141097372000047, 24.802044350000074 ], [ 67.241771068000048, 24.82007038200004 ], [ 67.175603772000045, 24.895864067000048 ], [ 67.18244472300006, 24.914304890000039 ], [ 67.222945143000061, 24.912709973000062 ], [ 67.238126105000049, 24.979929746000039 ], [ 67.137117985000032, 24.993135755000026 ], [ 67.087766501000033, 24.944796248000046 ], [ 67.091627383000059, 25.008104059000061 ], [ 67.051315, 25.005791 ], [ 67.053555, 24.964861270000029 ], [ 67.015339307000033, 24.951334596000038 ], [ 66.990692960000047, 24.989146240000025 ], [ 66.931681806000029, 24.968584022000073 ], [ 66.931685009000034, 25.023404624000023 ], [ 67.006208317000073, 25.088903810000033 ], [ 67.029466787000047, 25.193809155000054 ], [ 67.140733, 25.310599 ], [ 67.162039, 25.452643 ], [ 67.248490910000044, 25.526449960000036 ], [ 67.323934092000059, 25.642588980000028 ], [ 67.381054, 25.642589 ], [ 67.397298, 25.58996 ], [ 67.415491, 25.453514 ], [ 67.36938735800004, 25.333449653000059 ] ] ] } },
{ "type": "Feature", "properties": { "district_key": "MANDI BAHAUDDIN DISTRICT", "area_sqkm": 2673, "census_population_2017": 1594039, "u5mr_posterior_mean": 58.335, "u5mr_ci_lower95": 8.812, "u5mr_ci_upper95": 190.277, "u5mr_posterior_sd": 49.952, "province": "Punjab", "had_direct_data": false, "n_births_direct": 0, "ci_width": 181.465, "run_mode": "normal", "model_version": "hazard_v1_censoring_corrected", "population_2017": 1594039, "remoteness_proxy": 0.473, "norm_mortality_risk": 0.189, "norm_uncertainty": 0.556, "norm_geographic_accessibility_proxy": 0.473, "norm_population": 0.141, "priority_score": 0.351, "rank": 24, "relative_uncertainty": 3.111, "literacy_rate_pct": 68.626, "improved_water_pct": 86.658, "improved_sanitation_pct": 51.388, "deprivation_index": 0.263, "under5_share_pct": 12.296, "display_name": "Mandi Bahauddin" }, "geometry": { "type": "Polygon", "coordinates": [ [ [ 73.582478, 32.744453 ], [ 73.664451340000085, 32.688181328000042 ], [ 73.6789, 32.64131 ], [ 73.743751340000074, 32.582281328000079 ], [ 73.79525134000005, 32.569581328000027 ], [ 73.795819, 32.500081 ], [ 73.857172, 32.469404 ], [ 73.893634500000076, 32.397632500000043 ], [ 73.783661500000051, 32.373901 ], [ 73.759351500000037, 32.343224500000076 ], [ 73.730411500000059, 32.361746 ], [ 73.559666, 32.290553 ], [ 73.439274, 32.186367 ], [ 73.307306, 32.121541 ], [ 73.260422, 32.168424 ], [ 73.221643, 32.263928 ], [ 73.160868, 32.237881 ], [ 73.137137, 32.296920001000046 ], [ 73.087596218000044, 32.285913540000024 ], [ 73.106778825000049, 32.347967615000073 ], [ 73.05121282500005, 32.42957961500008 ], [ 73.081142914000054, 32.457255331000056 ], [ 73.167502409000065, 32.464868839000076 ], [ 73.172132409000028, 32.490335839000068 ], [ 73.151915509000048, 32.495515945000079 ], [ 73.205702735000045, 32.54359220200007 ], [ 73.165151605000062, 32.571277984000062 ], [ 73.43406, 32.646115 ], [ 73.582478, 32.744453 ] ] ] } },
{ "type": "Feature", "properties": { "district_key": "MANSEHRA DISTRICT", "area_sqkm": 4125, "census_population_2017": 1555742, "u5mr_posterior_mean": 16.696, "u5mr_ci_lower95": 4.037, "u5mr_ci_upper95": 40.837, "u5mr_posterior_sd": 9.875, "province": "Khyber Pakhtunkhwa", "had_direct_data": true, "n_births_direct": 359, "ci_width": 36.8, "run_mode": "normal", "model_version": "hazard_v1_censoring_corrected", "population_2017": 1555742, "remoteness_proxy": 0.524, "norm_mortality_risk": 0.011, "norm_uncertainty": 0.024, "norm_geographic_accessibility_proxy": 0.524, "norm_population": 0.138, "priority_score": 0.13, "rank": 131, "relative_uncertainty": 2.204, "literacy_rate_pct": 62.559, "improved_water_pct": 46.788, "improved_sanitation_pct": 49.073, "deprivation_index": 0.596, "under5_share_pct": 14.008, "display_name": "Mansehra" }, "geometry": { "type": "MultiPolygon", "coordinates": [ [ [ [ 73.023257172000058, 34.583580227000027 ], [ 73.02325655900006, 34.583580392000044 ], [ 73.023443130000032, 34.583552544000042 ], [ 73.023257172000058, 34.583580227000027 ] ] ], [ [ [ 73.023443130000032, 34.583552544000042 ], [ 73.073808, 34.558398 ], [ 73.115111999000078, 34.644055 ], [ 73.181642, 34.647659 ], [ 73.222114, 34.782104 ], [ 73.30389, 34.794856 ], [ 73.38234, 34.771016 ], [ 73.399804, 34.801786 ], [ 73.428911, 34.803726 ], [ 73.594125, 34.998603 ], [ 73.662041, 34.980862 ], [ 73.717817026000034, 35.025478462000024 ], [ 73.823099, 35.004425 ], [ 73.849670908000064, 35.092094382000028 ], [ 73.913745, 35.108378 ], [ 74.003015, 35.184645 ], [ 74.035694, 35.14959 ], [ 74.11234150000007, 35.153154500000028 ], [ 74.131948500000078, 35.119287500000041 ], [ 74.087472500000047, 35.082573500000024 ], [ 74.076733, 35.047527500000058 ], [ 74.111213500000076, 35.017569 ], [ 74.060906, 34.988741 ], [ 74.071645500000045, 34.937868 ], [ 74.038861, 34.914127 ], [ 74.045079, 34.890386500000034 ], [ 73.977811, 34.866081 ], [ 73.927504, 34.811251 ], [ 73.838196, 34.814076500000056 ], [ 73.830847500000061, 34.79146650000007 ], [ 73.777712, 34.794858 ], [ 73.727969, 34.764334 ], [ 73.664661, 34.669936 ], [ 73.699707, 34.647892 ], [ 73.656748, 34.562538 ], [ 73.564046440000084, 34.589669755000045 ], [ 73.453256, 34.569321 ], [ 73.412558, 34.385613 ], [ 73.35903875300005, 34.364945119000026 ], [ 73.257874, 34.271765 ], [ 73.212412, 34.285348 ], [ 73.197997, 34.227135 ], [ 73.143941, 34.251252 ], [ 73.079075, 34.230461 ], [ 73.046087, 34.268716 ], [ 72.989537, 34.214106 ], [ 72.853428, 34.301149 ], [ 72.868707680000057, 34.329912489000037 ], [ 72.817712, 34.427102 ], [ 72.842414203000033, 34.454045299000029 ], [ 72.871117231000085, 34.449828645000025 ], [ 72.940259075000029, 34.566737362000026 ], [ 73.023443130000032, 34.583552544000042 ] ], [ [ 73.003543458000081, 34.249184685000046 ], [ 72.983767226000055, 34.260636877000024 ], [ 72.971436705000031, 34.242406979000066 ], [ 73.003543458000081, 34.249184685000046 ] ] ] ] } },
{ "type": "Feature", "properties": { "district_key": "MARDAN DISTRICT", "area_sqkm": 1632, "census_population_2017": 2373399, "u5mr_posterior_mean": 41.997, "u5mr_ci_lower95": 15.204, "u5mr_ci_upper95": 83.853, "u5mr_posterior_sd": 17.777, "province": "Khyber Pakhtunkhwa", "had_direct_data": true, "n_births_direct": 642, "ci_width": 68.649, "run_mode": "normal", "model_version": "hazard_v1_censoring_corrected", "population_2017": 2373399, "remoteness_proxy": 0.375, "norm_mortality_risk": 0.119, "norm_uncertainty": 0.141, "norm_geographic_accessibility_proxy": 0.375, "norm_population": 0.212, "priority_score": 0.186, "rank": 103, "relative_uncertainty": 1.635, "literacy_rate_pct": 56.808, "improved_water_pct": 89.174, "improved_sanitation_pct": 59.579, "deprivation_index": 0.501, "under5_share_pct": 14.619, "display_name": "Mardan" }, "geometry": { "type": "Polygon", "coordinates": [ [ [ 72.203099, 34.510995 ], [ 72.22084, 34.45694 ], [ 72.257986, 34.435318 ], [ 72.36083, 34.435595 ], [ 72.434694814000068, 34.381169646000046 ], [ 72.335327, 34.324157 ], [ 72.331446, 34.24848 ], [ 72.277113, 34.257073 ], [ 72.224444, 34.232956 ], [ 72.207533949000037, 34.090748 ], [ 72.048417, 34.080769 ], [ 72.014598112000044, 34.131498 ], [ 71.937534, 34.140646 ], [ 71.893482106000079, 34.237115839000069 ], [ 71.829423, 34.265112 ], [ 71.831057170000065, 34.364057091000063 ], [ 71.960265284000059, 34.439198 ], [ 71.959434, 34.486047 ], [ 71.999629359000039, 34.525964004000059 ], [ 72.080574359000082, 34.488264 ], [ 72.125530039000068, 34.529565309000077 ], [ 72.203099, 34.510995 ] ] ] } },
{ "type": "Feature", "properties": { "district_key": "MASTUNG DISTRICT", "area_sqkm": 3308, "census_population_2017": 265676, "u5mr_posterior_mean": 46.77, "u5mr_ci_lower95": 11.431, "u5mr_ci_upper95": 119.472, "u5mr_posterior_sd": 28.033, "province": "Balochistan", "had_direct_data": true, "n_births_direct": 541, "ci_width": 108.041, "run_mode": "normal", "model_version": "hazard_v1_censoring_corrected", "population_2017": 265676, "remoteness_proxy": 0.694, "norm_mortality_risk": 0.14, "norm_uncertainty": 0.286, "norm_geographic_accessibility_proxy": 0.694, "norm_population": 0.022, "priority_score": 0.283, "rank": 52, "relative_uncertainty": 2.31, "literacy_rate_pct": 39.656, "improved_water_pct": 45.37, "improved_sanitation_pct": 14.575, "deprivation_index": 0.682, "under5_share_pct": 17.627, "display_name": "Mastung" }, "geometry": { "type": "Polygon", "coordinates": [ [ [ 67.274136, 30.253109 ], [ 67.301817, 30.177163 ], [ 67.406732655000042, 30.183141070000033 ], [ 67.438094, 30.066439 ], [ 67.396217, 30.043016 ], [ 67.407573, 30.015335 ], [ 67.35505, 29.995461 ], [ 67.374924, 29.917387 ], [ 67.359309, 29.910289 ], [ 67.318852, 29.942938 ], [ 67.289751, 29.920226 ], [ 67.249294, 29.970619 ], [ 67.218774, 29.960683 ], [ 67.191803, 29.982686 ], [ 67.126504, 29.940809 ], [ 67.154185, 29.785369 ], [ 67.279105, 29.691679 ], [ 67.206708, 29.636317 ], [ 67.192512, 29.578115 ], [ 67.126504, 29.53127 ], [ 67.072561, 29.432612 ], [ 66.817043, 29.431193 ], [ 66.871695, 29.527722 ], [ 66.802138, 29.56463 ], [ 66.668730286000027, 29.446104136000031 ], [ 66.630402285000059, 29.446814137000047 ], [ 66.619017, 29.492943 ], [ 66.645307285000058, 29.601544137000076 ], [ 66.608399286000065, 29.627096136000034 ], [ 66.549488286000042, 29.601544137000076 ], [ 66.45364, 29.507138 ], [ 66.375565, 29.34531 ], [ 66.313105, 29.336083 ], [ 66.194565053000076, 29.383006960000046 ], [ 66.313105, 29.617153 ], [ 66.280455, 29.743492 ], [ 66.308136, 29.827955 ], [ 66.287722896000048, 29.857558651000033 ], [ 66.435895008000045, 29.851377997000043 ], [ 66.480611011000065, 29.812340001000052 ], [ 66.528876008000054, 29.808791003000067 ], [ 66.694252, 30.148772 ], [ 66.799299, 30.111154 ], [ 66.797879, 30.087732 ], [ 66.837625990000049, 30.063600003000033 ], [ 66.810654992000082, 30.026690998000049 ], [ 66.897247, 30.053663 ], [ 67.018618, 30.043726 ], [ 67.047009, 30.150192 ], [ 67.148507, 30.180712 ], [ 67.221334120000051, 30.231259797000064 ], [ 67.252843, 30.226847 ], [ 67.274136, 30.253109 ] ] ] } },
{ "type": "Feature", "properties": { "district_key": "MATIARI DISTRICT", "area_sqkm": 1417, "census_population_2017": 770040, "u5mr_posterior_mean": 41.423, "u5mr_ci_lower95": 10.557, "u5mr_ci_upper95": 103.582, "u5mr_posterior_sd": 23.74, "province": "Sindh", "had_direct_data": true, "n_births_direct": 142, "ci_width": 93.025, "run_mode": "normal", "model_version": "hazard_v1_censoring_corrected", "population_2017": 770040, "remoteness_proxy": 0.484, "norm_mortality_risk": 0.117, "norm_uncertainty": 0.23, "norm_geographic_accessibility_proxy": 0.484, "norm_population": 0.067, "priority_score": 0.219, "rank": 84, "relative_uncertainty": 2.246, "literacy_rate_pct": 42.625, "improved_water_pct": 82.517, "improved_sanitation_pct": 26.572, "deprivation_index": 0.72, "under5_share_pct": 14.283, "display_name": "Matiari" }, "geometry": { "type": "Polygon", "coordinates": [ [ [ 68.363104, 26.09269 ], [ 68.451404, 26.044253 ], [ 68.548277, 26.05797 ], [ 68.507985, 26.031394 ], [ 68.475408, 25.928949 ], [ 68.442831, 25.919947 ], [ 68.523845, 25.863366 ], [ 68.492982, 25.834219 ], [ 68.540133, 25.812786 ], [ 68.551706, 25.742489 ], [ 68.665620123000053, 25.676491006000049 ], [ 68.670794, 25.599056 ], [ 68.60322, 25.524986 ], [ 68.589860414000043, 25.436606013000073 ], [ 68.468507, 25.490683 ], [ 68.437645, 25.539977 ], [ 68.368247, 25.572747 ], [ 68.357103, 25.616897 ], [ 68.462549, 25.676907 ], [ 68.314238, 25.740775 ], [ 68.295378, 25.763921 ], [ 68.331813, 25.8055 ], [ 68.320668, 25.854793 ], [ 68.233654, 25.929806 ], [ 68.272231, 25.974813 ], [ 68.255085818000055, 25.986104723000039 ], [ 68.309523, 26.014248 ], [ 68.363104, 26.09269 ] ] ] } },
{ "type": "Feature", "properties": { "district_key": "MIANWALI DISTRICT", "area_sqkm": 5840, "census_population_2017": 1542601, "u5mr_posterior_mean": 58.232, "u5mr_ci_lower95": 23.718, "u5mr_ci_upper95": 109.825, "u5mr_posterior_sd": 22.319, "province": "Punjab", "had_direct_data": true, "n_births_direct": 254, "ci_width": 86.107, "run_mode": "normal", "model_version": "hazard_v1_censoring_corrected", "population_2017": 1542601, "remoteness_proxy": 0.563, "norm_mortality_risk": 0.189, "norm_uncertainty": 0.205, "norm_geographic_accessibility_proxy": 0.563, "norm_population": 0.137, "priority_score": 0.263, "rank": 64, "relative_uncertainty": 1.479, "literacy_rate_pct": 61.281, "improved_water_pct": 82.703, "improved_sanitation_pct": 40.797, "deprivation_index": 0.531, "under5_share_pct": 12.757, "display_name": "Mianwali" }, "geometry": { "type": "Polygon", "coordinates": [ [ [ 71.506663758000059, 33.199790505000067 ], [ 71.555667, 33.22705 ], [ 71.599401, 33.187954 ], [ 71.602714, 33.132955 ], [ 71.652412, 33.073979 ], [ 71.787163, 33.002695 ], [ 71.877357, 32.983544 ], [ 71.896504993000065, 32.890895036000074 ], [ 71.967552, 32.837132 ], [ 71.973112, 32.803773 ], [ 71.890948, 32.746938 ], [ 71.913806, 32.684543 ], [ 71.899551430000031, 32.651911903000041 ], [ 71.940987, 32.559136 ], [ 71.835476693000032, 32.522204543000043 ], [ 71.790869, 32.478208 ], [ 71.787780500000054, 32.457203 ], [ 71.845233, 32.406546 ], [ 71.727239, 32.274344 ], [ 71.726621, 32.183531 ], [ 71.610480500000051, 32.1755 ], [ 71.502371, 32.205153 ], [ 71.449242255000058, 32.18353103100003 ], [ 71.340894700000035, 32.192045964000044 ], [ 71.321364, 32.166851 ], [ 71.235494, 32.195887 ], [ 71.218737087000079, 32.170832303000054 ], [ 71.173108090000028, 32.193250972000044 ], [ 71.164709, 32.23375 ], [ 71.283322, 32.362965 ], [ 71.342297, 32.372905 ], [ 71.326447720000033, 32.411338 ], [ 71.344285, 32.415314 ], [ 71.350911, 32.496156 ], [ 71.299926758000083, 32.533325195000032 ], [ 71.297899, 32.510072 ], [ 71.251515, 32.49218 ], [ 71.229675293000071, 32.512084961000028 ], [ 71.241699219000054, 32.548522949000073 ], [ 71.162236077000045, 32.594951964000074 ], [ 71.107059, 32.806935 ], [ 71.133564500000034, 32.808923 ], [ 71.141516, 32.922897 ], [ 71.193202, 32.976571 ], [ 71.31446518000007, 33.015003641000078 ], [ 71.336995, 32.990487 ], [ 71.451632, 33.013016 ], [ 71.477475001000073, 33.048798999000041 ], [ 71.423139, 33.091871 ], [ 71.448319, 33.129641 ], [ 71.413199, 33.21711 ], [ 71.43837921800008, 33.240301822000049 ], [ 71.506663758000059, 33.199790505000067 ] ] ] } },
{ "type": "Feature", "properties": { "district_key": "MIRPUR KHAS DISTRICT", "area_sqkm": 2925, "census_population_2017": 1504440, "u5mr_posterior_mean": 51.013, "u5mr_ci_lower95": 16.891, "u5mr_ci_upper95": 107.02, "u5mr_posterior_sd": 23.695, "province": "Sindh", "had_direct_data": true, "n_births_direct": 252, "ci_width": 90.129, "run_mode": "normal", "model_version": "hazard_v1_censoring_corrected", "population_2017": 1504440, "remoteness_proxy": 0.49, "norm_mortality_risk": 0.158, "norm_uncertainty": 0.22, "norm_geographic_accessibility_proxy": 0.49, "norm_population": 0.133, "priority_score": 0.24, "rank": 72, "relative_uncertainty": 1.767, "literacy_rate_pct": 42.406, "improved_water_pct": 53.334, "improved_sanitation_pct": 24.092, "deprivation_index": 0.791, "under5_share_pct": 15.072, "display_name": "Mirpur Khas" }, "geometry": { "type": "Polygon", "coordinates": [ [ [ 69.157806405000031, 25.779727955000055 ], [ 69.227957110000034, 25.755110799000079 ], [ 69.287079860000063, 25.681662875000029 ], [ 69.270311967000055, 25.60798830400006 ], [ 69.295287538000082, 25.549115185000062 ], [ 69.170446, 25.558772 ], [ 69.182791, 25.456113 ], [ 69.273755, 25.400235 ], [ 69.269857, 25.369697 ], [ 69.304943, 25.367748 ], [ 69.364069, 25.296276 ], [ 69.400455, 25.057821 ], [ 69.472576, 24.95711 ], [ 69.485153, 24.882239 ], [ 69.332644, 24.800679 ], [ 69.301694, 24.829111 ], [ 69.328333, 24.877842 ], [ 69.289349, 24.955161 ], [ 69.173045, 24.953862 ], [ 69.087279, 25.069516 ], [ 68.98202, 25.132541 ], [ 68.961229, 25.402184 ], [ 68.885859, 25.53928 ], [ 68.904701, 25.641939 ], [ 68.88196, 25.730304 ], [ 68.920295, 25.754345 ], [ 68.997614, 25.701066 ], [ 69.031401, 25.734203 ], [ 69.048736917000042, 25.721594620000076 ], [ 69.050112, 25.750179 ], [ 69.104358, 25.763659 ], [ 69.099684, 25.80899 ], [ 69.145271316000049, 25.806810967000047 ], [ 69.157806405000031, 25.779727955000055 ] ] ] } },
{ "type": "Feature", "properties": { "district_key": "MOHMAND AGENCY DISTRICT", "area_sqkm": 2296, "census_population_2017": 474345, "u5mr_posterior_mean": 19.08, "u5mr_ci_lower95": 1.721, "u5mr_ci_upper95": 65.031, "u5mr_posterior_sd": 16.939, "province": "Fata", "had_direct_data": true, "n_births_direct": 545, "ci_width": 63.31, "run_mode": "normal", "model_version": "hazard_v1_censoring_corrected", "population_2017": 474345, "remoteness_proxy": 0.59, "norm_mortality_risk": 0.021, "norm_uncertainty": 0.121, "norm_geographic_accessibility_proxy": 0.59, "norm_population": 0.04, "priority_score": 0.167, "rank": 114, "relative_uncertainty": 3.318, "literacy_rate_pct": 30.388, "improved_water_pct": 27.017, "improved_sanitation_pct": 16.163, "deprivation_index": 0.827, "under5_share_pct": 16.586, "display_name": "Mohmand Agency" }, "geometry": { "type": "Polygon", "coordinates": [ [ [ 71.207219525000085, 34.704983277000053 ], [ 71.229919582000036, 34.722772127000042 ], [ 71.287654823000082, 34.651645280000025 ], [ 71.550604295000028, 34.672914092000042 ], [ 71.560847874000046, 34.653426306000028 ], [ 71.528082697000059, 34.627335517000063 ], [ 71.543323144000055, 34.54428043200005 ], [ 71.581691952000028, 34.507410685000025 ], [ 71.64291640600004, 34.536411806000046 ], [ 71.663015, 34.463538 ], [ 71.70211050000006, 34.451611 ], [ 71.623283516000072, 34.350839399000051 ], [ 71.590176771000074, 34.366765803000078 ], [ 71.533151266000061, 34.311782461000064 ], [ 71.536453606000066, 34.26466332900003 ], [ 71.494717282000067, 34.25079910900007 ], [ 71.477313406000064, 34.201682007000045 ], [ 71.441834697000047, 34.182855044000064 ], [ 71.308019332000072, 34.163224882000065 ], [ 71.288060413000039, 34.198745475000067 ], [ 71.315586017000044, 34.261449030000051 ], [ 71.299995789000036, 34.283834999000078 ], [ 71.083661, 34.39087 ], [ 70.996686, 34.482834 ], [ 71.003478, 34.564175 ], [ 71.089591, 34.586185 ], [ 71.105205, 34.706742 ], [ 71.172818, 34.730916740000055 ], [ 71.207219525000085, 34.704983277000053 ] ] ] } },
{ "type": "Feature", "properties": { "district_key": "MULTAN DISTRICT", "area_sqkm": 3720, "census_population_2017": 4746166, "u5mr_posterior_mean": 58.132, "u5mr_ci_lower95": 30.59, "u5mr_ci_upper95": 93.58, "u5mr_posterior_sd": 16.363, "province": "Punjab", "had_direct_data": true, "n_births_direct": 655, "ci_width": 62.99, "run_mode": "normal", "model_version": "hazard_v1_censoring_corrected", "population_2017": 4746166, "remoteness_proxy": 0.389, "norm_mortality_risk": 0.189, "norm_uncertainty": 0.12, "norm_geographic_accessibility_proxy": 0.389, "norm_population": 0.425, "priority_score": 0.232, "rank": 76, "relative_uncertainty": 1.084, "literacy_rate_pct": 60.214, "improved_water_pct": 92.978, "improved_sanitation_pct": 48.214, "deprivation_index": 0.409, "under5_share_pct": 13.192, "display_name": "Multan" }, "geometry": { "type": "Polygon", "coordinates": [ [ [ 71.541241349000074, 30.454967528000054 ], [ 71.612757028000033, 30.410478 ], [ 71.623190910000062, 30.364949960000047 ], [ 71.663118, 30.364532 ], [ 71.660690910000028, 30.319549960000074 ], [ 71.772422, 30.306011 ], [ 71.76663512600004, 30.268275226000071 ], [ 71.820302, 30.264901 ], [ 71.832393, 30.242654 ], [ 71.811597, 30.202995 ], [ 71.754043, 30.134318 ], [ 71.720188, 30.045328 ], [ 71.621525, 30.011473 ], [ 71.593474, 29.978585 ], [ 71.564939, 29.986807 ], [ 71.591382, 29.958115 ], [ 71.538338, 29.899267 ], [ 71.546077, 29.848485 ], [ 71.522149050000053, 29.872124682000049 ], [ 71.498196, 29.861543 ], [ 71.508836, 29.78948100100007 ], [ 71.434658961000082, 29.809833389000062 ], [ 71.418395, 29.749338 ], [ 71.445479, 29.72564 ], [ 71.424682, 29.702909 ], [ 71.42033, 29.611016 ], [ 71.362188065000055, 29.557708049000041 ], [ 71.392763138000078, 29.467374802000052 ], [ 71.355038, 29.422879 ], [ 71.317269531000079, 29.41709577000006 ], [ 71.339078903000029, 29.459154129000069 ], [ 71.243799210000077, 29.44706153900006 ], [ 71.211397171000044, 29.482851028000027 ], [ 71.13933292300004, 29.452381976000026 ], [ 71.131111135000083, 29.472209922000047 ], [ 71.10063099100006, 29.432065541000043 ], [ 71.037284500000055, 29.439323 ], [ 71.00875, 29.551528 ], [ 71.064369555000042, 29.605214037000053 ], [ 71.047500281000055, 29.630244746000074 ], [ 71.07259, 29.674374 ], [ 71.181894, 29.693236 ], [ 71.166901, 29.789288702000079 ], [ 71.197840038000038, 29.869957248000048 ], [ 71.173672, 29.888144 ], [ 71.215265, 29.984872 ], [ 71.276204, 29.994545 ], [ 71.259276500000055, 30.023564 ], [ 71.291681, 30.073379 ], [ 71.298935, 30.16914 ], [ 71.360841500000049, 30.227661 ], [ 71.365194, 30.27264 ], [ 71.392803525000033, 30.273197484000036 ], [ 71.412108, 30.341801 ], [ 71.488559426000052, 30.388344618000076 ], [ 71.463374, 30.422693657000025 ], [ 71.530116694000071, 30.42547055600005 ], [ 71.541241349000074, 30.454967528000054 ] ] ] } },
{ "type": "Feature", "properties": { "district_key": "MUSAKHEL DISTRICT", "area_sqkm": 5728, "census_population_2017": 167243, "u5mr_posterior_mean": 59.556, "u5mr_ci_lower95": 9.057, "u5mr_ci_upper95": 192.022, "u5mr_posterior_sd": 49.668, "province": "Balochistan", "had_direct_data": false, "n_births_direct": 0, "ci_width": 182.965, "run_mode": "normal", "model_version": "hazard_v1_censoring_corrected", "population_2017": 167243, "remoteness_proxy": 0.804, "norm_mortality_risk": 0.195, "norm_uncertainty": 0.561, "norm_geographic_accessibility_proxy": 0.804, "norm_population": 0.013, "priority_score": 0.408, "rank": 8, "relative_uncertainty": 3.072, "literacy_rate_pct": 25.86, "improved_water_pct": 15.568, "improved_sanitation_pct": 6.006, "deprivation_index": 0.835, "under5_share_pct": 21.561, "display_name": "Musakhel" }, "geometry": { "type": "Polygon", "coordinates": [ [ [ 70.272888184000067, 31.445678711000028 ], [ 70.26007080100004, 31.221923828000058 ], [ 70.295712595000055, 31.150022123000042 ], [ 70.253479004000042, 30.876708984000061 ], [ 70.269356003000041, 30.84047898700004 ], [ 70.22952, 30.838027 ], [ 70.218471424000029, 30.783879697000032 ], [ 70.168273719000069, 30.774291220000066 ], [ 70.154724121000072, 30.73327636700003 ], [ 70.103270902000077, 30.725882868000042 ], [ 70.088073730000076, 30.587280273000033 ], [ 70.004699707000043, 30.453125 ], [ 69.964935882000077, 30.322013466000044 ], [ 69.892897151000057, 30.329505254000026 ], [ 69.821453011000074, 30.28949891600007 ], [ 69.783508, 30.292746 ], [ 69.764701229000082, 30.342826528000046 ], [ 69.649969010000063, 30.379770865000069 ], [ 69.651106299000048, 30.409786789000066 ], [ 69.536315918000071, 30.474304199000073 ], [ 69.562057, 30.491403 ], [ 69.52889005600008, 30.537758634000056 ], [ 69.492239261000066, 30.530152790000045 ], [ 69.466068, 30.559216 ], [ 69.472329823000052, 30.596074471000065 ], [ 69.53210449200003, 30.651916504000042 ], [ 69.538817958000038, 30.751169574000073 ], [ 69.622228, 30.824258 ], [ 69.720604, 30.985193 ], [ 69.701074297000048, 31.248846513000046 ], [ 69.753112793000071, 31.312927246000072 ], [ 69.767764457000055, 31.289002199000038 ], [ 69.853881836000028, 31.318115234000061 ], [ 69.949881284000071, 31.27752855600005 ], [ 69.983367628000053, 31.317348375000051 ], [ 70.050720215000069, 31.333312988000046 ], [ 70.048788469000044, 31.378789280000035 ], [ 70.103698730000076, 31.449279785000044 ], [ 70.116891662000057, 31.425295392000066 ], [ 70.153686523000033, 31.431884766000053 ], [ 70.255911344000083, 31.505304891000037 ], [ 70.272888184000067, 31.445678711000028 ] ] ] } },
{ "type": "Feature", "properties": { "district_key": "MUZAFFARGARH DISTRICT", "area_sqkm": 8249, "census_population_2017": 4328549, "u5mr_posterior_mean": 67.252, "u5mr_ci_lower95": 37.605, "u5mr_ci_upper95": 106.854, "u5mr_posterior_sd": 17.63, "province": "Punjab", "had_direct_data": true, "n_births_direct": 477, "ci_width": 69.249, "run_mode": "normal", "model_version": "hazard_v1_censoring_corrected", "population_2017": 4328549, "remoteness_proxy": 0.488, "norm_mortality_risk": 0.228, "norm_uncertainty": 0.143, "norm_geographic_accessibility_proxy": 0.488, "norm_population": 0.388, "priority_score": 0.27, "rank": 60, "relative_uncertainty": 1.03, "literacy_rate_pct": 47.111, "improved_water_pct": 96.84, "improved_sanitation_pct": 18.921, "deprivation_index": 0.568, "under5_share_pct": 15.569, "display_name": "Muzaffargarh" }, "geometry": { "type": "Polygon", "coordinates": [ [ [ 71.241220939000073, 30.762569686000063 ], [ 71.332982500000071, 30.729877 ], [ 71.448769609000067, 30.622538504000033 ], [ 71.52601750000008, 30.583735 ], [ 71.5893, 30.591475 ], [ 71.59795, 30.618336 ], [ 71.65871358000004, 30.617360724000036 ], [ 71.726475, 30.568629 ], [ 71.608490910000057, 30.500949960000071 ], [ 71.563175871000055, 30.445454073000064 ], [ 71.528670671000043, 30.451575618000049 ], [ 71.530116694000071, 30.42547055600005 ], [ 71.463374, 30.422693657000025 ], [ 71.488559426000052, 30.388344618000076 ], [ 71.412108, 30.341801 ], [ 71.392803525000033, 30.273197484000036 ], [ 71.365194, 30.27264 ], [ 71.360841500000049, 30.227661 ], [ 71.298935, 30.16914 ], [ 71.291681, 30.073379 ], [ 71.259276500000055, 30.023564 ], [ 71.276204, 29.994545 ], [ 71.215265, 29.984872 ], [ 71.173672, 29.888144 ], [ 71.197840038000038, 29.869957248000048 ], [ 71.166901, 29.789288702000079 ], [ 71.181894, 29.693236 ], [ 71.07259, 29.674374 ], [ 71.047500281000055, 29.630244746000074 ], [ 71.064369555000042, 29.605214037000053 ], [ 71.00875, 29.551528 ], [ 71.037284500000055, 29.439323 ], [ 71.064994990000059, 29.441945085000043 ], [ 71.042722, 29.385202 ], [ 70.924670589000073, 29.344161204000045 ], [ 70.916362723000077, 29.321297858000037 ], [ 70.955324, 29.281417 ], [ 70.909174783000083, 29.284748609000076 ], [ 70.91097, 29.244973 ], [ 70.856549, 29.269796 ], [ 70.843679, 29.240624 ], [ 70.786002265000036, 29.252508902000045 ], [ 70.743292, 29.159972 ], [ 70.713262, 29.16512 ], [ 70.667788, 29.093048 ], [ 70.620348295000042, 29.08573178000006 ], [ 70.600006, 29.044999 ], [ 70.538501446000055, 29.016463689000034 ], [ 70.557199709000031, 29.112297006000063 ], [ 70.575410752000039, 29.117305004000059 ], [ 70.578142312000068, 29.188328045000048 ], [ 70.54900470900003, 29.218376075000037 ], [ 70.62275898300004, 29.30351107000007 ], [ 70.609556033000047, 29.412321027000075 ], [ 70.637320627000065, 29.410956414000054 ], [ 70.649165, 29.487441 ], [ 70.692871, 29.489262 ], [ 70.709261, 29.515213 ], [ 70.686497, 29.557553 ], [ 70.736122, 29.677745 ], [ 70.727471500000036, 29.707793 ], [ 70.840834, 29.832537 ], [ 70.858134, 29.887625 ], [ 70.833094500000072, 29.909478 ], [ 70.887727, 29.943168 ], [ 70.864963500000044, 29.96411 ], [ 70.888958225000067, 30.051719651000042 ], [ 70.847663, 30.128008 ], [ 70.841745, 30.19812 ], [ 70.805323, 30.237729 ], [ 70.828997, 30.270508 ], [ 70.836281, 30.383415 ], [ 70.824899500000072, 30.446243 ], [ 70.793941, 30.469917 ], [ 70.793941, 30.551411 ], [ 70.817615, 30.576451 ], [ 70.796217500000068, 30.643375 ], [ 70.940994, 30.66705 ], [ 71.024182388000042, 30.640087750000077 ], [ 71.106257, 30.645652 ], [ 71.144768209000063, 30.666126539000061 ], [ 71.164159188000042, 30.759219567000059 ], [ 71.241220939000073, 30.762569686000063 ] ] ] } },
{ "type": "Feature", "properties": { "district_key": "NANKANA SAHIB DISTRICT", "area_sqkm": 2216, "census_population_2017": 1354986, "u5mr_posterior_mean": 28.215, "u5mr_ci_lower95": 6.655, "u5mr_ci_upper95": 69.219, "u5mr_posterior_sd": 16.625, "province": "Punjab", "had_direct_data": true, "n_births_direct": 136, "ci_width": 62.564, "run_mode": "normal", "model_version": "hazard_v1_censoring_corrected", "population_2017": 1354986, "remoteness_proxy": 0.471, "norm_mortality_risk": 0.06, "norm_uncertainty": 0.118, "norm_geographic_accessibility_proxy": 0.471, "norm_population": 0.12, "priority_score": 0.166, "rank": 115, "relative_uncertainty": 2.217, "literacy_rate_pct": 63.713, "improved_water_pct": 69.387, "improved_sanitation_pct": 28.619, "deprivation_index": 0.564, "under5_share_pct": 12.773, "display_name": "Nankana Sahib" }, "geometry": { "type": "Polygon", "coordinates": [ [ [ 73.73378050000008, 31.890231 ], [ 73.702637, 31.801473 ], [ 73.770373500000062, 31.739965 ], [ 73.754024, 31.651207 ], [ 73.784388, 31.634857 ], [ 73.780495, 31.614614 ], [ 73.656528500000036, 31.601897 ], [ 73.626077001000056, 31.567292999000074 ], [ 73.638534500000048, 31.517464 ], [ 73.661758246000034, 31.495625490000066 ], [ 73.679569, 31.518671 ], [ 73.750365, 31.529849 ], [ 73.727077, 31.560115353000072 ], [ 73.773187, 31.586206 ], [ 73.898012188000052, 31.569439144000057 ], [ 73.92875250000003, 31.595987 ], [ 73.951575, 31.552671 ], [ 73.993257973000084, 31.560299844000042 ], [ 73.94789, 31.473172 ], [ 74.030939, 31.442028 ], [ 74.036129, 31.387009 ], [ 74.006849, 31.358902 ], [ 74.032457223000051, 31.311503110000046 ], [ 73.934303, 31.287323 ], [ 73.902382, 31.2259 ], [ 73.755355, 31.198332 ], [ 73.735547626000084, 31.168398520000039 ], [ 73.623804, 31.126753 ], [ 73.603975, 31.088545 ], [ 73.56725722300007, 31.102603110000075 ], [ 73.463235, 31.084676 ], [ 73.436151, 31.04405 ], [ 73.397741575000055, 31.021009775000039 ], [ 73.396564, 31.066488 ], [ 73.460997, 31.172547 ], [ 73.532274, 31.187943 ], [ 73.653157223000051, 31.280303110000034 ], [ 73.679958, 31.439406 ], [ 73.653757223000071, 31.457103110000048 ], [ 73.515157223000074, 31.424603110000078 ], [ 73.466157223000039, 31.472503110000048 ], [ 73.490649, 31.533491 ], [ 73.453585, 31.567704 ], [ 73.460427, 31.617312 ], [ 73.378317, 31.654946 ], [ 73.370904, 31.71995 ], [ 73.293355, 31.736487 ], [ 73.296838, 31.764571 ], [ 73.404623, 31.823066 ], [ 73.449394, 31.805594 ], [ 73.462498, 31.839082 ], [ 73.522193167000069, 31.805958502000067 ], [ 73.560049, 31.843086 ], [ 73.559321, 31.889313 ], [ 73.606276, 31.867473 ], [ 73.712925, 31.904865 ], [ 73.73378050000008, 31.890231 ] ] ] } },
{ "type": "Feature", "properties": { "district_key": "NAROWAL DISTRICT", "area_sqkm": 2337, "census_population_2017": 1707575, "u5mr_posterior_mean": 46.886, "u5mr_ci_lower95": 14.185, "u5mr_ci_upper95": 103.006, "u5mr_posterior_sd": 23.073, "province": "Punjab", "had_direct_data": true, "n_births_direct": 243, "ci_width": 88.822, "run_mode": "normal", "model_version": "hazard_v1_censoring_corrected", "population_2017": 1707575, "remoteness_proxy": 0.451, "norm_mortality_risk": 0.14, "norm_uncertainty": 0.215, "norm_geographic_accessibility_proxy": 0.451, "norm_population": 0.152, "priority_score": 0.226, "rank": 82, "relative_uncertainty": 1.894, "literacy_rate_pct": 73.508, "improved_water_pct": 88.321, "improved_sanitation_pct": 34.369, "deprivation_index": 0.448, "under5_share_pct": 13.529, "display_name": "Narowal" }, "geometry": { "type": "Polygon", "coordinates": [ [ [ 75.03348, 32.491899 ], [ 75.108786, 32.474501 ], [ 75.133836391000045, 32.417278069000076 ], [ 75.190903, 32.426353 ], [ 75.192812, 32.400972 ], [ 75.289906, 32.370017 ], [ 75.337349, 32.321921 ], [ 75.321238, 32.297104 ], [ 75.381386, 32.268815 ], [ 75.374759, 32.22697 ], [ 75.316119, 32.208055 ], [ 75.320502, 32.178378 ], [ 75.240357, 32.091046 ], [ 75.202549, 32.120075 ], [ 75.174405, 32.067381 ], [ 75.123702, 32.08139 ], [ 75.012363, 32.035792 ], [ 74.934455, 32.065644 ], [ 74.879396, 32.0538 ], [ 74.818561, 31.958913 ], [ 74.691542467000033, 31.926748703000044 ], [ 74.583795, 32.061003 ], [ 74.62146, 32.065487 ], [ 74.679335, 32.134646 ], [ 74.746674, 32.155394 ], [ 74.744126, 32.231833 ], [ 74.770080566000047, 32.285705566000047 ], [ 74.852961, 32.30536 ], [ 74.878076, 32.382891 ], [ 74.92212, 32.404367 ], [ 74.945141284000044, 32.450968315000068 ], [ 74.983158102000061, 32.447139378000031 ], [ 75.03348, 32.491899 ] ] ] } },
{ "type": "Feature", "properties": { "district_key": "NASIRABAD DISTRICT", "area_sqkm": 3387, "census_population_2017": 487847, "u5mr_posterior_mean": 48.225, "u5mr_ci_lower95": 11.599, "u5mr_ci_upper95": 121.517, "u5mr_posterior_sd": 29.013, "province": "Balochistan", "had_direct_data": true, "n_births_direct": 363, "ci_width": 109.917, "run_mode": "normal", "model_version": "hazard_v1_censoring_corrected", "population_2017": 487847, "remoteness_proxy": 0.63, "norm_mortality_risk": 0.146, "norm_uncertainty": 0.293, "norm_geographic_accessibility_proxy": 0.63, "norm_population": 0.042, "priority_score": 0.276, "rank": 57, "relative_uncertainty": 2.279, "literacy_rate_pct": 23.304, "improved_water_pct": 44.807, "improved_sanitation_pct": 6.504, "deprivation_index": 0.803, "under5_share_pct": 19.581, "display_name": "Nasirabad" }, "geometry": { "type": "Polygon", "coordinates": [ [ [ 68.41135113100006, 28.980716801000028 ], [ 68.446179001000075, 28.675500001000046 ], [ 68.379372999000054, 28.643012 ], [ 68.374593, 28.442256 ], [ 68.148345, 28.430306 ], [ 68.075849, 28.388881 ], [ 68.071866, 28.347455 ], [ 67.981845, 28.25823 ], [ 67.801005, 28.206449 ], [ 67.738070176000065, 28.423138587000039 ], [ 67.786651340000049, 28.546581270000047 ], [ 67.778699, 28.615129 ], [ 67.86872, 28.613536 ], [ 67.88784, 28.648589 ], [ 67.867127, 28.677268 ], [ 67.952369, 28.784019 ], [ 67.977861, 28.701964 ], [ 68.03283, 28.735424 ], [ 68.023271, 28.784019 ], [ 68.231196, 28.853328 ], [ 68.255096, 28.932993 ], [ 68.22323, 28.952909 ], [ 68.259876, 28.988759 ], [ 68.380967, 29.052491 ], [ 68.41135113100006, 28.980716801000028 ] ] ] } },
{ "type": "Feature", "properties": { "district_key": "NAUSHAHRO FEROZE DISTRICT", "area_sqkm": 2946, "census_population_2017": 1612047, "u5mr_posterior_mean": 38.027, "u5mr_ci_lower95": 14.474, "u5mr_ci_upper95": 74.939, "u5mr_posterior_sd": 15.622, "province": "Sindh", "had_direct_data": true, "n_births_direct": 469, "ci_width": 60.465, "run_mode": "normal", "model_version": "hazard_v1_censoring_corrected", "population_2017": 1612047, "remoteness_proxy": 0.483, "norm_mortality_risk": 0.102, "norm_uncertainty": 0.111, "norm_geographic_accessibility_proxy": 0.483, "norm_population": 0.143, "priority_score": 0.185, "rank": 104, "relative_uncertainty": 1.59, "literacy_rate_pct": 53.83, "improved_water_pct": 95.078, "improved_sanitation_pct": 29.702, "deprivation_index": 0.606, "under5_share_pct": 14.952, "display_name": "Naushahro Feroze" }, "geometry": { "type": "Polygon", "coordinates": [ [ [ 68.177378, 27.235438 ], [ 68.336228, 27.206811 ], [ 68.443438, 27.076026 ], [ 68.447367, 27.035612 ], [ 68.382817, 26.98341 ], [ 68.318827, 26.84589 ], [ 68.327808, 26.79032 ], [ 68.28571, 26.661781 ], [ 68.357186973000069, 26.630419650000078 ], [ 68.081955, 26.575339 ], [ 68.031437, 26.603966 ], [ 67.998881, 26.571971 ], [ 67.955099, 26.582075 ], [ 67.923666, 26.54559 ], [ 67.850135, 26.546712 ], [ 67.801301, 26.585443 ], [ 67.870530213000052, 26.667039147000025 ], [ 67.836244217000058, 26.709974227000032 ], [ 67.864579129000049, 26.765106371000059 ], [ 67.835288510000055, 26.86003108500006 ], [ 67.927474889000052, 26.924855161000039 ], [ 67.917046742000082, 26.966112531000078 ], [ 67.979821510000079, 26.986486300000024 ], [ 67.971381072000042, 27.018277236000074 ], [ 67.911136917000078, 27.056521805000045 ], [ 68.007389738000029, 27.070778831000041 ], [ 68.047394761000078, 27.129620304000071 ], [ 68.093743, 27.143945 ], [ 68.093743, 27.211302 ], [ 68.134157, 27.20625 ], [ 68.177378, 27.235438 ] ] ] } },
{ "type": "Feature", "properties": { "district_key": "NORTH WAZIRISTAN AGENCY DISTRICT", "area_sqkm": 4707, "census_population_2017": 540546, "u5mr_posterior_mean": 17.043, "u5mr_ci_lower95": 1.743, "u5mr_ci_upper95": 53.195, "u5mr_posterior_sd": 14.222, "province": "Fata", "had_direct_data": true, "n_births_direct": 1071, "ci_width": 51.452, "run_mode": "normal", "model_version": "hazard_v1_censoring_corrected", "population_2017": 540546, "remoteness_proxy": 0.655, "norm_mortality_risk": 0.013, "norm_uncertainty": 0.078, "norm_geographic_accessibility_proxy": 0.655, "norm_population": 0.046, "priority_score": 0.164, "rank": 117, "relative_uncertainty": 3.019, "literacy_rate_pct": 36.608, "improved_water_pct": 29.358, "improved_sanitation_pct": 15.956, "deprivation_index": 0.731, "under5_share_pct": 18.369, "display_name": "North Waziristan Agency" }, "geometry": { "type": "Polygon", "coordinates": [ [ [ 70.443246191000071, 33.35213724700003 ], [ 70.464161653000076, 33.333006381000075 ], [ 70.54283270500008, 33.348334879000049 ], [ 70.571645, 33.290663 ], [ 70.627969, 33.261118452000062 ], [ 70.618296808000082, 33.231278819000067 ], [ 70.518987625000079, 33.191246767000052 ], [ 70.486208171000044, 33.152185536000047 ], [ 70.498482488000036, 33.124876334000078 ], [ 70.421930470000063, 33.070995820000064 ], [ 70.390594771000053, 32.98307003900004 ], [ 70.407417560000056, 32.969697468000049 ], [ 70.356857687000058, 32.911960517000068 ], [ 70.325411808000069, 32.791801641000063 ], [ 70.255377297000052, 32.720763756000053 ], [ 70.156721789000073, 32.73343331600006 ], [ 70.050921197000036, 32.668511887000079 ], [ 69.978412322000054, 32.70365888200007 ], [ 69.943822183000066, 32.678935037000031 ], [ 69.883055700000057, 32.685092610000027 ], [ 69.853232228000081, 32.655729596000072 ], [ 69.807628187000034, 32.69652205400007 ], [ 69.735061315000053, 32.717209886000035 ], [ 69.649757640000075, 32.689762804000054 ], [ 69.603358151000066, 32.648467259000029 ], [ 69.611638675000052, 32.591110352000044 ], [ 69.540861609000046, 32.562449745000038 ], [ 69.488456676000055, 32.563031600000045 ], [ 69.413262123000038, 32.604759659000024 ], [ 69.452331, 32.6587 ], [ 69.448716, 32.72003 ], [ 69.395437, 32.769748 ], [ 69.471333, 32.848714 ], [ 69.540249, 32.862687 ], [ 69.500818, 32.915547 ], [ 69.498852, 32.992207 ], [ 69.584742, 33.096873 ], [ 69.721264, 33.092268 ], [ 69.790805, 33.125502 ], [ 69.856253, 33.092776 ], [ 69.91659, 33.10249 ], [ 70.026525, 33.143904 ], [ 70.072546, 33.214466 ], [ 70.144642, 33.214464 ], [ 70.207025, 33.246676 ], [ 70.290358, 33.32768 ], [ 70.443246191000071, 33.35213724700003 ] ] ] } },
{ "type": "Feature", "properties": { "district_key": "NOWSHERA DISTRICT", "area_sqkm": 1748, "census_population_2017": 1520995, "u5mr_posterior_mean": 35.133, "u5mr_ci_lower95": 14.398, "u5mr_ci_upper95": 66.156, "u5mr_posterior_sd": 13.546, "province": "Khyber Pakhtunkhwa", "had_direct_data": true, "n_births_direct": 861, "ci_width": 51.758, "run_mode": "normal", "model_version": "hazard_v1_censoring_corrected", "population_2017": 1520995, "remoteness_proxy": 0.432, "norm_mortality_risk": 0.09, "norm_uncertainty": 0.079, "norm_geographic_accessibility_proxy": 0.432, "norm_population": 0.135, "priority_score": 0.159, "rank": 120, "relative_uncertainty": 1.473, "literacy_rate_pct": 58.214, "improved_water_pct": 76.944, "improved_sanitation_pct": 57.522, "deprivation_index": 0.388, "under5_share_pct": 14.469, "display_name": "Nowshera" }, "geometry": { "type": "Polygon", "coordinates": [ [ [ 71.892626, 34.12235 ], [ 72.014598112000044, 34.131498 ], [ 72.048417, 34.080769 ], [ 72.248284, 34.087699 ], [ 72.235809, 34.002596 ], [ 72.209475, 33.979311 ], [ 72.233869, 33.934681 ], [ 72.247464, 33.763789 ], [ 72.085117, 33.786982 ], [ 72.017573913000035, 33.718781131000071 ], [ 71.942541, 33.73163 ], [ 71.855072, 33.695436 ], [ 71.814659, 33.705194 ], [ 71.843916, 33.718729 ], [ 71.85253, 33.771078 ], [ 71.757772, 33.813487 ], [ 71.740200016000074, 33.876304024000035 ], [ 71.769917242000076, 33.903866055000037 ], [ 71.768594761000031, 33.958794140000066 ], [ 71.707469644000071, 33.97787805400003 ], [ 71.717154, 34.0062 ], [ 71.692109078000044, 34.044798430000071 ], [ 71.753021948000082, 34.095913465000024 ], [ 71.849382, 34.049167 ], [ 71.892626, 34.12235 ] ] ] } },
{ "type": "Feature", "properties": { "district_key": "NUSHKI DISTRICT", "area_sqkm": 5797, "census_population_2017": 178947, "u5mr_posterior_mean": 57.571, "u5mr_ci_lower95": 9.217, "u5mr_ci_upper95": 185.241, "u5mr_posterior_sd": 48.768, "province": "Balochistan", "had_direct_data": false, "n_births_direct": 0, "ci_width": 176.024, "run_mode": "normal", "model_version": "hazard_v1_censoring_corrected", "population_2017": 178947, "remoteness_proxy": 0.798, "norm_mortality_risk": 0.186, "norm_uncertainty": 0.536, "norm_geographic_accessibility_proxy": 0.798, "norm_population": 0.014, "priority_score": 0.396, "rank": 9, "relative_uncertainty": 3.058, "literacy_rate_pct": 51.666, "improved_water_pct": 68.303, "improved_sanitation_pct": 19.303, "deprivation_index": 0.521, "under5_share_pct": 16.567, "display_name": "Nushki" }, "geometry": { "type": "Polygon", "coordinates": [ [ [ 66.287722896000048, 29.857558651000033 ], [ 66.308136, 29.827955 ], [ 66.280455, 29.743492 ], [ 66.313105, 29.617153 ], [ 66.174699, 29.343891 ], [ 66.135662, 29.322597 ], [ 66.098754, 29.34602 ], [ 66.07959, 29.333244 ], [ 66.005773, 29.194838 ], [ 65.864529, 29.130249 ], [ 65.726123, 29.140896 ], [ 65.688505, 29.089082 ], [ 65.596235, 29.03301 ], [ 65.470084001000032, 29.036426146000053 ], [ 65.266567326000029, 29.416766652000035 ], [ 65.131591325000045, 29.552505651000047 ], [ 66.287722896000048, 29.857558651000033 ] ] ] } },
{ "type": "Feature", "properties": { "district_key": "OKARA DISTRICT", "area_sqkm": 4377, "census_population_2017": 3040826, "u5mr_posterior_mean": 29.578, "u5mr_ci_lower95": 10.199, "u5mr_ci_upper95": 60.663, "u5mr_posterior_sd": 12.858, "province": "Punjab", "had_direct_data": true, "n_births_direct": 306, "ci_width": 50.464, "run_mode": "normal", "model_version": "hazard_v1_censoring_corrected", "population_2017": 3040826, "remoteness_proxy": 0.457, "norm_mortality_risk": 0.066, "norm_uncertainty": 0.074, "norm_geographic_accessibility_proxy": 0.457, "norm_population": 0.272, "priority_score": 0.167, "rank": 113, "relative_uncertainty": 1.706, "literacy_rate_pct": 58.275, "improved_water_pct": 90.307, "improved_sanitation_pct": 31.673, "deprivation_index": 0.508, "under5_share_pct": 13.436, "display_name": "Okara" }, "geometry": { "type": "Polygon", "coordinates": [ [ [ 73.660530390000076, 31.139174320000052 ], [ 73.68194, 31.094747 ], [ 73.66878, 31.059138 ], [ 73.767867, 30.986758 ], [ 73.76477, 30.939537 ], [ 73.822055, 30.932183 ], [ 73.857664, 30.859416 ], [ 73.932753, 30.861738 ], [ 74.070159, 30.79439 ], [ 74.075191, 30.755297 ], [ 74.166536733000044, 30.64914729000003 ], [ 74.09551, 30.611275 ], [ 74.071753, 30.522698 ], [ 74.011627, 30.533898 ], [ 74.019495, 30.51372 ], [ 73.992469, 30.51424 ], [ 73.963061, 30.456423 ], [ 73.934227, 30.490406 ], [ 73.937839, 30.425011 ], [ 73.867768, 30.383632 ], [ 73.909455791000084, 30.341058629000031 ], [ 73.854497, 30.298086 ], [ 73.792816, 30.321809 ], [ 73.746951, 30.268352 ], [ 73.663129, 30.276893 ], [ 73.637508, 30.252537 ], [ 73.629542, 30.359515 ], [ 73.646418, 30.379556 ], [ 73.634277344000054, 30.402893066000047 ], [ 73.585242, 30.395905 ], [ 73.635343, 30.443369 ], [ 73.633234, 30.492943 ], [ 73.47291, 30.544099 ], [ 73.490295410000044, 30.587890625000057 ], [ 73.473438, 30.611603 ], [ 73.395913, 30.507709 ], [ 73.345284, 30.520894 ], [ 73.334716797000056, 30.495117187000062 ], [ 73.314696, 30.528277 ], [ 73.284108, 30.526168 ], [ 73.358286, 30.57008 ], [ 73.347162, 30.59136 ], [ 73.377147, 30.63247 ], [ 73.347645, 30.686638 ], [ 73.37086, 30.712271 ], [ 73.369893, 30.764021 ], [ 73.340875, 30.786268 ], [ 73.288641, 30.782883 ], [ 73.283804, 30.838986 ], [ 73.307987, 30.85156 ], [ 73.28719, 30.8622 ], [ 73.302183, 30.874291 ], [ 73.301216, 30.888801 ], [ 73.275099, 30.88203 ], [ 73.269328, 30.935099 ], [ 73.32443, 30.986013 ], [ 73.403263999000046, 30.999071 ], [ 73.39746, 31.020835 ], [ 73.463235, 31.084676 ], [ 73.56725722300007, 31.102603110000075 ], [ 73.603975, 31.088545 ], [ 73.623804, 31.126753 ], [ 73.660530390000076, 31.139174320000052 ] ] ] } },
{ "type": "Feature", "properties": { "district_key": "ORAKZAI AGENCY DISTRICT", "area_sqkm": 1538, "census_population_2017": 254303, "u5mr_posterior_mean": 29.68, "u5mr_ci_lower95": 2.098, "u5mr_ci_upper95": 116.953, "u5mr_posterior_sd": 31.868, "province": "Fata", "had_direct_data": true, "n_births_direct": 110, "ci_width": 114.855, "run_mode": "normal", "model_version": "hazard_v1_censoring_corrected", "population_2017": 254303, "remoteness_proxy": 0.615, "norm_mortality_risk": 0.067, "norm_uncertainty": 0.311, "norm_geographic_accessibility_proxy": 0.615, "norm_population": 0.021, "priority_score": 0.245, "rank": 70, "relative_uncertainty": 3.87, "literacy_rate_pct": 37.428, "improved_water_pct": 21.702, "improved_sanitation_pct": 19.453, "deprivation_index": 0.819, "under5_share_pct": 18.4, "display_name": "Orakzai Agency" }, "geometry": { "type": "Polygon", "coordinates": [ [ [ 71.096468943000048, 33.839487404000067 ], [ 71.148122282000031, 33.811876139000049 ], [ 71.208655769000075, 33.835918212000024 ], [ 71.328355203000058, 33.754298672000061 ], [ 71.349286946000063, 33.764150708000045 ], [ 71.352714779000053, 33.72766775100007 ], [ 71.411620714000037, 33.680097567000075 ], [ 71.406795168000031, 33.651458375000061 ], [ 71.338983, 33.624634 ], [ 71.248201, 33.672345 ], [ 71.210431, 33.723368 ], [ 71.134227, 33.745235 ], [ 71.135552, 33.678971 ], [ 71.178624, 33.646502 ], [ 71.092481, 33.627948 ], [ 71.126275, 33.592828 ], [ 71.008325, 33.546443 ], [ 70.837280273000033, 33.559692383000026 ], [ 70.736638502000062, 33.59001900100003 ], [ 70.750401305000082, 33.645983923000074 ], [ 70.631704274000072, 33.673109778000025 ], [ 70.58524767800003, 33.740010702000063 ], [ 70.616112882000039, 33.798141890000068 ], [ 70.698889570000063, 33.739207401000044 ], [ 70.844541134000053, 33.782951411000056 ], [ 70.972061206000035, 33.789347402000033 ], [ 70.974231275000079, 33.838916333000043 ], [ 71.096468943000048, 33.839487404000067 ] ] ] } },
{ "type": "Feature", "properties": { "district_key": "PAKPATTAN DISTRICT", "area_sqkm": 2724, "census_population_2017": 1824228, "u5mr_posterior_mean": 67.419, "u5mr_ci_lower95": 22.957, "u5mr_ci_upper95": 138.758, "u5mr_posterior_sd": 30.572, "province": "Punjab", "had_direct_data": true, "n_births_direct": 246, "ci_width": 115.802, "run_mode": "normal", "model_version": "hazard_v1_censoring_corrected", "population_2017": 1824228, "remoteness_proxy": 0.461, "norm_mortality_risk": 0.228, "norm_uncertainty": 0.314, "norm_geographic_accessibility_proxy": 0.461, "norm_population": 0.162, "priority_score": 0.294, "rank": 42, "relative_uncertainty": 1.718, "literacy_rate_pct": 52.697, "improved_water_pct": 85.546, "improved_sanitation_pct": 32.215, "deprivation_index": 0.609, "under5_share_pct": 14.054, "display_name": "Pakpattan" }, "geometry": { "type": "Polygon", "coordinates": [ [ [ 73.489822816000071, 30.590271772000051 ], [ 73.47291, 30.544099 ], [ 73.633234, 30.492943 ], [ 73.635343, 30.443369 ], [ 73.585242, 30.395905 ], [ 73.634277344000054, 30.402893066000047 ], [ 73.646418, 30.379556 ], [ 73.630580773000077, 30.277725877000023 ], [ 73.568908691000047, 30.251892090000069 ], [ 73.540100098000039, 30.262329102000024 ], [ 73.48726, 30.206039 ], [ 73.463684082000043, 30.224487305000025 ], [ 73.459106445000032, 30.159301758000026 ], [ 73.424926758000083, 30.171875 ], [ 73.414145442000063, 30.147339114000033 ], [ 73.381286621000072, 30.152282715000069 ], [ 73.379715, 30.06876 ], [ 73.363708496000072, 30.096923828000058 ], [ 73.275648, 30.109248 ], [ 73.219345, 30.062434 ], [ 73.199101, 30.070975 ], [ 73.184867, 30.048833 ], [ 73.167297363000046, 30.066528320000032 ], [ 73.094108949000031, 30.026064949000045 ], [ 73.105285645000038, 30.003112793000071 ], [ 73.021911621000072, 30.040100098000039 ], [ 73.015922, 29.965205 ], [ 72.971721323000054, 29.970182779000027 ], [ 72.984497070000032, 30.024475098000039 ], [ 72.931229, 30.024531 ], [ 72.932678223000039, 30.084472656000059 ], [ 72.954528809000067, 30.245117187000062 ], [ 72.992675781000059, 30.296325684000067 ], [ 72.852879, 30.312298 ], [ 72.830113968000035, 30.402341195000076 ], [ 72.870910645000038, 30.394104004000042 ], [ 72.887293214000067, 30.412880218000055 ], [ 72.903686523000033, 30.391113281000059 ], [ 72.904058884000051, 30.422648165000055 ], [ 72.939514160000044, 30.435119629000042 ], [ 72.95147705100004, 30.410522461000028 ], [ 72.960674959000073, 30.448293815000056 ], [ 73.002808, 30.400805 ], [ 73.037631, 30.423536 ], [ 73.059878, 30.407576 ], [ 73.090348, 30.465613 ], [ 73.107759, 30.451588 ], [ 73.132425, 30.484475 ], [ 73.142700195000032, 30.469116211000028 ], [ 73.199279785000044, 30.490295410000044 ], [ 73.189011, 30.521716 ], [ 73.269296, 30.534291 ], [ 73.314696, 30.528277 ], [ 73.334716797000056, 30.495117187000062 ], [ 73.345284, 30.520894 ], [ 73.395913, 30.507709 ], [ 73.440263662000064, 30.589434003000065 ], [ 73.473438, 30.611603 ], [ 73.489822816000071, 30.590271772000051 ] ] ] } },
{ "type": "Feature", "properties": { "district_key": "PANJGUR DISTRICT", "area_sqkm": 16891, "census_population_2017": 315353, "u5mr_posterior_mean": 67.269, "u5mr_ci_lower95": 10.575, "u5mr_ci_upper95": 212.255, "u5mr_posterior_sd": 54.739, "province": "Balochistan", "had_direct_data": false, "n_births_direct": 0, "ci_width": 201.681, "run_mode": "normal", "model_version": "hazard_v1_censoring_corrected", "population_2017": 315353, "remoteness_proxy": 0.851, "norm_mortality_risk": 0.228, "norm_uncertainty": 0.63, "norm_geographic_accessibility_proxy": 0.851, "norm_population": 0.026, "priority_score": 0.453, "rank": 4, "relative_uncertainty": 2.998, "literacy_rate_pct": 59.221, "improved_water_pct": 22.407, "improved_sanitation_pct": 10.866, "deprivation_index": 0.617, "under5_share_pct": 19.767, "display_name": "Panjgur" }, "geometry": { "type": "Polygon", "coordinates": [ [ [ 64.408091, 27.299182 ], [ 64.500055, 27.16815 ], [ 64.491758, 27.113871 ], [ 64.672229, 27.005312 ], [ 64.724088, 27.012227 ], [ 65.014501, 27.183017 ], [ 65.051839, 27.150518 ], [ 65.094364, 27.023636 ], [ 65.183562, 27.017758 ], [ 65.268612, 26.891567 ], [ 65.335808557000064, 26.895826443000033 ], [ 65.291089, 26.789714 ], [ 64.925188, 26.462436 ], [ 64.933726, 26.37462 ], [ 64.462934, 26.370554 ], [ 64.422279, 26.331118 ], [ 64.447933, 26.230105 ], [ 64.367844, 26.266255 ], [ 64.3611, 26.229468 ], [ 64.258096, 26.171222 ], [ 64.079066, 26.149149 ], [ 63.850374, 26.31653 ], [ 63.708745, 26.272999 ], [ 63.595318, 26.26932 ], [ 63.591026, 26.364966 ], [ 63.511934, 26.385812 ], [ 63.604515, 26.419533 ], [ 63.43039, 26.499852 ], [ 63.174721, 26.436701 ], [ 63.131802, 26.452029 ], [ 63.165524, 26.488816 ], [ 63.120766, 26.485137 ], [ 63.122606, 26.506596 ], [ 63.089497, 26.510275 ], [ 63.133029, 26.577104 ], [ 63.074841, 26.641699 ], [ 63.170561, 26.645328 ], [ 63.202317, 26.742863 ], [ 63.196706, 26.845791 ], [ 63.278077, 26.862172 ], [ 63.255394, 27.063138 ], [ 63.317544, 27.133908 ], [ 63.293047, 27.183355 ], [ 63.250858, 27.206945 ], [ 63.426065, 27.194908 ], [ 63.548173, 27.209679 ], [ 63.602333, 27.241191 ], [ 63.733304, 27.236267 ], [ 63.822915, 27.259901 ], [ 63.895786, 27.188015 ], [ 63.907603, 27.143702 ], [ 63.961763, 27.108251 ], [ 63.997214, 27.085602 ], [ 64.100612, 27.079694 ], [ 64.075993, 26.985158 ], [ 64.121291, 27.038334 ], [ 64.114398, 27.113175 ], [ 64.255216, 27.164381 ], [ 64.408091, 27.299182 ] ] ] } },
{ "type": "Feature", "properties": { "district_key": "PESHAWAR DISTRICT", "area_sqkm": 1257, "census_population_2017": 4267198, "u5mr_posterior_mean": 53.326, "u5mr_ci_lower95": 26.523, "u5mr_ci_upper95": 91.451, "u5mr_posterior_sd": 16.629, "province": "Khyber Pakhtunkhwa", "had_direct_data": true, "n_births_direct": 2955, "ci_width": 64.928, "run_mode": "normal", "model_version": "hazard_v1_censoring_corrected", "population_2017": 4267198, "remoteness_proxy": 0.281, "norm_mortality_risk": 0.168, "norm_uncertainty": 0.127, "norm_geographic_accessibility_proxy": 0.281, "norm_population": 0.382, "priority_score": 0.2, "rank": 96, "relative_uncertainty": 1.218, "literacy_rate_pct": 55.037, "improved_water_pct": 82.649, "improved_sanitation_pct": 57.008, "deprivation_index": 0.529, "under5_share_pct": 15.016, "display_name": "Peshawar" }, "geometry": { "type": "Polygon", "coordinates": [ [ [ 71.480867184000033, 34.204353734000051 ], [ 71.494408, 34.175695 ], [ 71.694780596000044, 34.125834256000076 ], [ 71.710744042000044, 34.076665879000075 ], [ 71.715287518000082, 34.086907954000026 ], [ 71.741648952000048, 34.095225672000026 ], [ 71.692109078000044, 34.044798430000071 ], [ 71.717154, 34.0062 ], [ 71.707469644000071, 33.97787805400003 ], [ 71.768594761000031, 33.958794140000066 ], [ 71.769810079000081, 33.903559875000042 ], [ 71.741799704000073, 33.892911936000075 ], [ 71.758277450000037, 33.854624453000042 ], [ 71.714038, 33.787644 ], [ 71.599401, 33.731982 ], [ 71.504644, 33.744572 ], [ 71.519735089000051, 33.808958890000042 ], [ 71.401252, 33.876087 ], [ 71.460869805000073, 33.922624287000076 ], [ 71.380968777000078, 34.002414003000069 ], [ 71.390445849000059, 34.120643461000043 ], [ 71.409037174000048, 34.174748237000074 ], [ 71.480867184000033, 34.204353734000051 ] ] ] } },
{ "type": "Feature", "properties": { "district_key": "PISHIN DISTRICT", "area_sqkm": 6218, "census_population_2017": 736903, "u5mr_posterior_mean": 50.763, "u5mr_ci_lower95": 9.034, "u5mr_ci_upper95": 142.007, "u5mr_posterior_sd": 35.504, "province": "Balochistan", "had_direct_data": true, "n_births_direct": 225, "ci_width": 132.973, "run_mode": "normal", "model_version": "hazard_v1_censoring_corrected", "population_2017": 736903, "remoteness_proxy": 0.652, "norm_mortality_risk": 0.157, "norm_uncertainty": 0.377, "norm_geographic_accessibility_proxy": 0.652, "norm_population": 0.064, "priority_score": 0.313, "rank": 36, "relative_uncertainty": 2.619, "literacy_rate_pct": 52.972, "improved_water_pct": 66.76, "improved_sanitation_pct": 18.06, "deprivation_index": 0.647, "under5_share_pct": 18.644, "display_name": "Pishin" }, "geometry": { "type": "Polygon", "coordinates": [ [ [ 67.457216, 31.220998 ], [ 67.477857, 31.202421 ], [ 67.553198, 31.206549 ], [ 67.590353, 31.153911727000036 ], [ 67.823602, 31.143592 ], [ 67.806057, 31.099213003000045 ], [ 67.754453, 31.073411006000072 ], [ 67.7431, 31.023872 ], [ 67.589321, 30.900023 ], [ 67.470633, 30.866996 ], [ 67.441734, 30.824681 ], [ 67.487146, 30.80404 ], [ 67.431414, 30.701865 ], [ 67.4696, 30.708057 ], [ 67.483017, 30.671934 ], [ 67.511915, 30.66471 ], [ 67.667759, 30.680191 ], [ 67.699236866000035, 30.591433 ], [ 67.563519, 30.572855 ], [ 67.510883, 30.516091 ], [ 67.457216, 30.578016 ], [ 67.392195, 30.592465 ], [ 67.284859, 30.535701 ], [ 67.217246027000044, 30.437880989000064 ], [ 67.186572, 30.452665 ], [ 67.12367, 30.43556 ], [ 67.05525, 30.371554 ], [ 66.974139, 30.383141 ], [ 66.77295, 30.733859 ], [ 66.838076286000046, 30.853698730000076 ], [ 66.82765, 30.932017 ], [ 66.855517898000073, 30.951625539000077 ], [ 66.934082031000059, 30.921691895000038 ], [ 67.001098633000083, 30.973327637000068 ], [ 67.07638, 30.939242 ], [ 67.216742, 31.014583 ], [ 67.209518, 31.056898 ], [ 67.256993, 31.135336 ], [ 67.261274, 31.203456 ], [ 67.457216, 31.220998 ] ] ] } },
{ "type": "Feature", "properties": { "district_key": "QUETTA DISTRICT", "area_sqkm": 3447, "census_population_2017": 2269473, "u5mr_posterior_mean": 43.943, "u5mr_ci_lower95": 15.374, "u5mr_ci_upper95": 89.205, "u5mr_posterior_sd": 19.071, "province": "Balochistan", "had_direct_data": true, "n_births_direct": 1028, "ci_width": 73.831, "run_mode": "normal", "model_version": "hazard_v1_censoring_corrected", "population_2017": 2269473, "remoteness_proxy": 0.463, "norm_mortality_risk": 0.128, "norm_uncertainty": 0.16, "norm_geographic_accessibility_proxy": 0.463, "norm_population": 0.202, "priority_score": 0.212, "rank": 90, "relative_uncertainty": 1.68, "literacy_rate_pct": 58.763, "improved_water_pct": 64.732, "improved_sanitation_pct": 55.579, "deprivation_index": 0.523, "under5_share_pct": 16.004, "display_name": "Quetta" }, "geometry": { "type": "Polygon", "coordinates": [ [ [ 66.932756, 30.456527 ], [ 66.974139, 30.383141 ], [ 67.040352, 30.371002 ], [ 67.12367, 30.43556 ], [ 67.186572, 30.452665 ], [ 67.217246027000044, 30.437880989000064 ], [ 67.194037, 30.369537 ], [ 67.241512, 30.327222 ], [ 67.28711198700006, 30.329932860000042 ], [ 67.292632655000034, 30.296441070000071 ], [ 67.148507, 30.180712 ], [ 67.047009, 30.150192 ], [ 67.018618, 30.043726 ], [ 66.897247, 30.053663 ], [ 66.810654992000082, 30.026690998000049 ], [ 66.837625990000049, 30.063600003000033 ], [ 66.797879, 30.087732 ], [ 66.799299, 30.111154 ], [ 66.694252, 30.148772 ], [ 66.528876008000054, 29.808791003000067 ], [ 66.480611011000065, 29.812340001000052 ], [ 66.435895008000045, 29.851377997000043 ], [ 66.265517, 29.86419 ], [ 66.368909, 29.961625 ], [ 66.243062, 30.055509 ], [ 66.308517, 30.139384 ], [ 66.35496, 30.179635 ], [ 66.42927, 30.156929 ], [ 66.510803, 30.164154 ], [ 66.526285, 30.218854 ], [ 66.648069, 30.168282 ], [ 66.690384, 30.178603 ], [ 66.801848, 30.32619 ], [ 66.860677, 30.461391 ], [ 66.932756, 30.456527 ] ] ] } },
{ "type": "Feature", "properties": { "district_key": "RAHIM YAR KHAN DISTRICT", "area_sqkm": 11880, "census_population_2017": 4807762, "u5mr_posterior_mean": 113.477, "u5mr_ci_lower95": 80.395, "u5mr_ci_upper95": 153.315, "u5mr_posterior_sd": 18.436, "province": "Punjab", "had_direct_data": true, "n_births_direct": 823, "ci_width": 72.92, "run_mode": "normal", "model_version": "hazard_v1_censoring_corrected", "population_2017": 4807762, "remoteness_proxy": 0.516, "norm_mortality_risk": 0.426, "norm_uncertainty": 0.156, "norm_geographic_accessibility_proxy": 0.516, "norm_population": 0.431, "priority_score": 0.364, "rank": 18, "relative_uncertainty": 0.643, "literacy_rate_pct": 46.618, "improved_water_pct": 85.352, "improved_sanitation_pct": 37.429, "deprivation_index": 0.598, "under5_share_pct": 14.464, "display_name": "Rahim Yar Khan" }, "geometry": { "type": "MultiPolygon", "coordinates": [ [ [ [ 70.906483023000078, 29.247570545000031 ], [ 70.912319, 29.221748 ], [ 70.884863, 29.183996 ], [ 70.908887, 29.188286 ], [ 70.974096, 29.088758 ], [ 70.994687226000053, 29.076746452000066 ], [ 71.038446, 29.145386 ], [ 71.081346, 29.144528 ], [ 71.087352, 29.07074 ], [ 71.035872, 29.004673 ], [ 71.061612, 28.983223 ], [ 71.04102, 28.923163 ], [ 71.055606, 28.853665 ], [ 70.942349, 28.547357 ], [ 70.979243, 28.21102 ], [ 71.034156, 28.114065 ], [ 71.108520011000053, 27.793998871000042 ], [ 70.905211, 27.707093 ], [ 70.758915, 27.719003 ], [ 70.682703, 27.828429 ], [ 70.676413, 27.921856 ], [ 70.588007, 28.009406 ], [ 70.502838, 28.035753 ], [ 70.373107, 28.010457 ], [ 70.177409, 27.846171 ], [ 69.994179, 27.939778 ], [ 69.842188, 28.140186 ], [ 69.855671, 28.194731 ], [ 69.810932, 28.2885 ], [ 69.811545, 28.361431 ], [ 69.750766, 28.405124 ], [ 69.803271, 28.396611 ], [ 69.858358, 28.433488 ], [ 69.85244, 28.463991 ], [ 69.892959, 28.430301 ], [ 69.939397, 28.442138 ], [ 70.000858, 28.540932 ], [ 70.052304, 28.529095 ], [ 70.116953, 28.602849 ], [ 70.076434574000075, 28.623794148000059 ], [ 70.091457, 28.65475 ], [ 70.213925, 28.677058 ], [ 70.228494, 28.703464 ], [ 70.197991, 28.743983 ], [ 70.235323, 28.769478 ], [ 70.31454, 28.765836 ], [ 70.285858, 28.819558 ], [ 70.328197017000036, 28.828662769000061 ], [ 70.385563, 28.79816 ], [ 70.408782, 28.860532 ], [ 70.340946, 28.923815 ], [ 70.350507, 28.937018 ], [ 70.487088, 28.95705 ], [ 70.479897279000056, 28.994021265000072 ], [ 70.600006, 29.044999 ], [ 70.620348295000042, 29.08573178000006 ], [ 70.682374, 29.106776 ], [ 70.713262, 29.16512 ], [ 70.743292, 29.159972 ], [ 70.786002265000036, 29.252508902000045 ], [ 70.843679, 29.240624 ], [ 70.856549, 29.269796 ], [ 70.906483023000078, 29.247570545000031 ] ] ], [ [ [ 69.582429291000039, 28.355491027000028 ], [ 69.63725, 28.35394 ], [ 69.712731, 28.29335 ], [ 69.747632058000079, 28.313875469000038 ], [ 69.741924366000035, 28.253418684000053 ], [ 69.693266569000059, 28.263886100000036 ], [ 69.603804788000048, 28.23184425900007 ], [ 69.531987, 28.38937 ], [ 69.556634, 28.399126 ], [ 69.582429291000039, 28.355491027000028 ] ] ], [ [ [ 69.55126591800007, 28.129959333000045 ], [ 69.465749, 28.217355 ], [ 69.475505, 28.268189 ], [ 69.578318514000046, 28.200917937000042 ], [ 69.55126591800007, 28.129959333000045 ] ] ] ] } },
{ "type": "Feature", "properties": { "district_key": "RAJANPUR DISTRICT", "area_sqkm": 12318, "census_population_2017": 1996039, "u5mr_posterior_mean": 73.462, "u5mr_ci_lower95": 23.471, "u5mr_ci_upper95": 154.587, "u5mr_posterior_sd": 33.544, "province": "Punjab", "had_direct_data": true, "n_births_direct": 168, "ci_width": 131.117, "run_mode": "normal", "model_version": "hazard_v1_censoring_corrected", "population_2017": 1996039, "remoteness_proxy": 0.617, "norm_mortality_risk": 0.254, "norm_uncertainty": 0.37, "norm_geographic_accessibility_proxy": 0.617, "norm_population": 0.178, "priority_score": 0.354, "rank": 21, "relative_uncertainty": 1.785, "literacy_rate_pct": 33.745, "improved_water_pct": 79.997, "improved_sanitation_pct": 15.45, "deprivation_index": 0.824, "under5_share_pct": 16.655, "display_name": "Rajanpur" }, "geometry": { "type": "Polygon", "coordinates": [ [ [ 69.957032843000036, 29.846552625000072 ], [ 70.096919, 29.811668 ], [ 70.18445, 29.741917 ], [ 70.369085, 29.721402 ], [ 70.426527, 29.618827 ], [ 70.541275599000073, 29.672030599000038 ], [ 70.609794, 29.802094 ], [ 70.686384, 29.785682 ], [ 70.725526449000029, 29.669131245000074 ], [ 70.686497, 29.557553 ], [ 70.709261, 29.515213 ], [ 70.692871, 29.489262 ], [ 70.649165, 29.487441 ], [ 70.637320627000065, 29.410956414000054 ], [ 70.609556033000047, 29.412321027000075 ], [ 70.62275898300004, 29.30351107000007 ], [ 70.54900470900003, 29.218376075000037 ], [ 70.578142312000068, 29.188328045000048 ], [ 70.575410752000039, 29.117305004000059 ], [ 70.557199709000031, 29.112297006000063 ], [ 70.538501446000055, 29.016463689000034 ], [ 70.479897279000056, 28.994021265000072 ], [ 70.487088, 28.95705 ], [ 70.450211, 28.93975 ], [ 70.350507, 28.937018 ], [ 70.340946, 28.923815 ], [ 70.408782, 28.860532 ], [ 70.385563, 28.79816 ], [ 70.328197017000036, 28.828662769000061 ], [ 70.285858, 28.819558 ], [ 70.31454, 28.765836 ], [ 70.235323, 28.769478 ], [ 70.197991, 28.743983 ], [ 70.228494, 28.703464 ], [ 70.213925, 28.677058 ], [ 70.091457, 28.65475 ], [ 70.076434574000075, 28.623794148000059 ], [ 70.116953, 28.602849 ], [ 70.052304, 28.529095 ], [ 70.000858, 28.540932 ], [ 69.939397, 28.442138 ], [ 69.892959, 28.430301 ], [ 69.85244, 28.463991 ], [ 69.858358, 28.433488 ], [ 69.803271, 28.396611 ], [ 69.622169, 28.433136 ], [ 69.597041, 28.447845 ], [ 69.616653, 28.469908 ], [ 69.601944, 28.474811 ], [ 69.476306, 28.487681 ], [ 69.3617, 28.449684 ], [ 69.318799, 28.552033 ], [ 69.416245, 28.597385 ], [ 69.538819, 28.792889 ], [ 69.522884, 28.832113 ], [ 69.481209, 28.850499 ], [ 69.493467, 28.899528 ], [ 69.577429, 28.958976 ], [ 69.652849220000064, 29.071131 ], [ 69.708007221000059, 29.09871 ], [ 69.749069220000081, 29.187576 ], [ 69.738650220000068, 29.224348 ], [ 69.76448209800003, 29.295297817000062 ], [ 69.684105220000049, 29.258056 ], [ 69.676138221000031, 29.298505 ], [ 69.636302220000061, 29.311988 ], [ 69.670009221000043, 29.365307 ], [ 69.657139220000033, 29.387983 ], [ 69.612363, 29.422917 ], [ 69.567011, 29.407595 ], [ 69.563946, 29.451722 ], [ 69.600718, 29.525879 ], [ 69.592751, 29.627614 ], [ 69.789481, 29.76551 ], [ 69.878830853000068, 29.895271476000062 ], [ 69.957032843000036, 29.846552625000072 ] ] ] } },
{ "type": "Feature", "properties": { "district_key": "RAWALPINDI DISTRICT", "area_sqkm": 5285, "census_population_2017": 5402380, "u5mr_posterior_mean": 39.936, "u5mr_ci_lower95": 19.727, "u5mr_ci_upper95": 68.364, "u5mr_posterior_sd": 12.451, "province": "Punjab", "had_direct_data": true, "n_births_direct": 670, "ci_width": 48.638, "run_mode": "normal", "model_version": "hazard_v1_censoring_corrected", "population_2017": 5402380, "remoteness_proxy": 0.414, "norm_mortality_risk": 0.111, "norm_uncertainty": 0.067, "norm_geographic_accessibility_proxy": 0.414, "norm_population": 0.485, "priority_score": 0.196, "rank": 97, "relative_uncertainty": 1.218, "literacy_rate_pct": 82.447, "improved_water_pct": 71.351, "improved_sanitation_pct": 64.555, "deprivation_index": 0.252, "under5_share_pct": 11.451, "display_name": "Rawalpindi" }, "geometry": { "type": "Polygon", "coordinates": [ [ [ 73.52448, 34.012543 ], [ 73.594573, 33.891579 ], [ 73.566874, 33.797746 ], [ 73.600790500000073, 33.698826 ], [ 73.571962, 33.63043 ], [ 73.628487500000062, 33.567687 ], [ 73.633575, 33.526423 ], [ 73.612095, 33.508335 ], [ 73.630183500000044, 33.456331 ], [ 73.575977865000084, 33.377401190000057 ], [ 73.62468165000007, 33.255247946000054 ], [ 73.557893, 33.23296 ], [ 73.551064, 33.204278 ], [ 73.529211, 33.240699 ], [ 73.470026, 33.219757 ], [ 73.460465, 33.252992 ], [ 73.423588, 33.239789 ], [ 73.413117, 33.200635 ], [ 73.362582, 33.177872 ], [ 73.39354, 33.1328 ], [ 73.3685, 33.101386 ], [ 73.146874, 33.097831 ], [ 73.121545, 33.076827 ], [ 73.092511, 33.107098 ], [ 73.043089, 33.068178 ], [ 73.013477505000083, 33.109065514000065 ], [ 72.944272048000073, 33.117697206000059 ], [ 72.92633, 33.168257 ], [ 72.810745195000038, 33.156562712000039 ], [ 72.705844499000079, 33.213239299000065 ], [ 72.629796, 33.199177 ], [ 72.664541, 33.275584 ], [ 72.694217, 33.277823 ], [ 72.678539, 33.3047 ], [ 72.720534, 33.366853 ], [ 72.770369, 33.39821 ], [ 72.77820777900007, 33.446413040000039 ], [ 72.93163, 33.4878 ], [ 72.823562, 33.566191 ], [ 72.810124, 33.635623 ], [ 72.749651, 33.637863 ], [ 72.730613, 33.683778 ], [ 72.748531, 33.718494 ], [ 72.697017, 33.801364 ], [ 72.737332, 33.862398 ], [ 72.790526, 33.8372 ], [ 72.829262, 33.767765 ], [ 72.922695045000069, 33.746561523000025 ], [ 72.824859, 33.693888 ], [ 72.909488, 33.576977 ], [ 72.983719544000053, 33.61366070400004 ], [ 72.968704896000077, 33.63123882900004 ], [ 73.000138001000039, 33.621045958000025 ], [ 73.085437658000046, 33.665563973000076 ], [ 73.170373328000039, 33.552062579000051 ], [ 73.101632710000047, 33.513910138000028 ], [ 73.127797231000045, 33.456549184000039 ], [ 73.232663906000084, 33.50645454000005 ], [ 73.269967089000033, 33.546695793000026 ], [ 73.291183903000046, 33.622821521000049 ], [ 73.339710859000036, 33.63280345700008 ], [ 73.372771682000064, 33.677311675000055 ], [ 73.337895171000071, 33.687256791000038 ], [ 73.246967237000035, 33.786080876000028 ], [ 73.183815086000038, 33.808838861000027 ], [ 73.304374, 33.846619 ], [ 73.399133, 33.975834 ], [ 73.435578, 33.967883 ], [ 73.4866, 34.016918 ], [ 73.52448, 34.012543 ] ] ] } },
{ "type": "Feature", "properties": { "district_key": "SAHIWAL DISTRICT", "area_sqkm": 3201, "census_population_2017": 2513011, "u5mr_posterior_mean": 116.304, "u5mr_ci_lower95": 75.042, "u5mr_ci_upper95": 166.409, "u5mr_posterior_sd": 23.387, "province": "Punjab", "had_direct_data": true, "n_births_direct": 446, "ci_width": 91.367, "run_mode": "normal", "model_version": "hazard_v1_censoring_corrected", "population_2017": 2513011, "remoteness_proxy": 0.443, "norm_mortality_risk": 0.438, "norm_uncertainty": 0.224, "norm_geographic_accessibility_proxy": 0.443, "norm_population": 0.224, "priority_score": 0.353, "rank": 22, "relative_uncertainty": 0.786, "literacy_rate_pct": 61.143, "improved_water_pct": 86.485, "improved_sanitation_pct": 46.062, "deprivation_index": 0.524, "under5_share_pct": 12.544, "display_name": "Sahiwal" }, "geometry": { "type": "Polygon", "coordinates": [ [ [ 73.269328032000033, 30.935098872000026 ], [ 73.307987, 30.85156 ], [ 73.283804, 30.838986 ], [ 73.288641, 30.782883 ], [ 73.340875, 30.786268 ], [ 73.369893, 30.764021 ], [ 73.37086, 30.712271 ], [ 73.347645, 30.686638 ], [ 73.377147, 30.63247 ], [ 73.347162, 30.59136 ], [ 73.358286, 30.57008 ], [ 73.288641, 30.544931 ], [ 73.295896, 30.530421 ], [ 73.189011, 30.521716 ], [ 73.199279785000044, 30.490295410000044 ], [ 73.142700195000032, 30.469116211000028 ], [ 73.132425, 30.484475 ], [ 73.107759, 30.451588 ], [ 73.090348, 30.465613 ], [ 73.059878, 30.407576 ], [ 73.037631, 30.423536 ], [ 73.002808, 30.400805 ], [ 72.960674959000073, 30.448293815000056 ], [ 72.95147705100004, 30.410522461000028 ], [ 72.939514160000044, 30.435119629000042 ], [ 72.904058884000051, 30.422648165000055 ], [ 72.903686523000033, 30.391113281000059 ], [ 72.887293214000067, 30.412880218000055 ], [ 72.870910645000038, 30.394104004000042 ], [ 72.830113968000035, 30.402341195000076 ], [ 72.847234537000077, 30.369971894000059 ], [ 72.810014676000037, 30.366979723000043 ], [ 72.800731, 30.330323 ], [ 72.804032388000053, 30.348035891000052 ], [ 72.780442639000057, 30.325101120000056 ], [ 72.725293646000068, 30.332737020000025 ], [ 72.712306, 30.294089 ], [ 72.678436135000084, 30.32641717100006 ], [ 72.58770716500004, 30.226686244000064 ], [ 72.574410863000082, 30.265239848000078 ], [ 72.524550777000059, 30.261905578000039 ], [ 72.468307, 30.162781 ], [ 72.401822, 30.183059 ], [ 72.395875416000081, 30.289122401000043 ], [ 72.520133, 30.602001 ], [ 72.571883, 30.614575 ], [ 72.600418, 30.575884 ], [ 72.607672, 30.590393 ], [ 72.650233, 30.571047 ], [ 72.664742, 30.590877 ], [ 72.666193, 30.574433 ], [ 72.738739, 30.581688 ], [ 72.73487, 30.603451 ], [ 72.762438, 30.600066 ], [ 72.784202, 30.630535 ], [ 72.764373, 30.681802 ], [ 72.866421, 30.692442 ], [ 72.912367, 30.673096 ], [ 72.947673, 30.75725 ], [ 73.115497, 30.807549 ], [ 73.14113, 30.831247 ], [ 73.136777, 30.869455 ], [ 73.174018, 30.837051 ], [ 73.193847, 30.922172 ], [ 73.215611, 30.904761 ], [ 73.269328032000033, 30.935098872000026 ] ] ] } },
{ "type": "Feature", "properties": { "district_key": "SANGHAR DISTRICT", "area_sqkm": 10728, "census_population_2017": 2049873, "u5mr_posterior_mean": 22.355, "u5mr_ci_lower95": 5.096, "u5mr_ci_upper95": 54.211, "u5mr_posterior_sd": 12.989, "province": "Sindh", "had_direct_data": true, "n_births_direct": 398, "ci_width": 49.115, "run_mode": "normal", "model_version": "hazard_v1_censoring_corrected", "population_2017": 2049873, "remoteness_proxy": 0.599, "norm_mortality_risk": 0.035, "norm_uncertainty": 0.069, "norm_geographic_accessibility_proxy": 0.599, "norm_population": 0.182, "priority_score": 0.173, "rank": 111, "relative_uncertainty": 2.197, "literacy_rate_pct": 41.403, "improved_water_pct": 71.778, "improved_sanitation_pct": 21.102, "deprivation_index": 0.69, "under5_share_pct": 14.947, "display_name": "Sanghar" }, "geometry": { "type": "Polygon", "coordinates": [ [ [ 68.91606, 26.469252 ], [ 69.017656, 26.299737 ], [ 69.057509, 26.296369 ], [ 69.060316, 26.250341 ], [ 69.074349, 26.261006 ], [ 69.107204, 26.225847 ], [ 69.241701, 26.2383 ], [ 69.544319, 26.204676 ], [ 69.84071, 26.205922 ], [ 70.12894526000008, 26.138651725000045 ], [ 70.085445, 26.082397 ], [ 70.100875, 25.939143 ], [ 70.222326641000052, 25.794536869000069 ], [ 69.991071, 25.725756 ], [ 69.930645, 25.760193 ], [ 69.86827, 25.693269 ], [ 69.79095, 25.653635 ], [ 69.723377, 25.547727 ], [ 69.670098, 25.51264 ], [ 69.636311, 25.517838 ], [ 69.629164, 25.492498 ], [ 69.575885, 25.502245 ], [ 69.561591, 25.56527 ], [ 69.534302, 25.571117 ], [ 69.447886, 25.543828 ], [ 69.335481, 25.570468 ], [ 69.295287538000082, 25.549115185000062 ], [ 69.270311967000055, 25.60798830400006 ], [ 69.287079860000063, 25.681662875000029 ], [ 69.227957110000034, 25.755110799000079 ], [ 69.154521893000037, 25.780793623000079 ], [ 69.145271316000049, 25.806810967000047 ], [ 69.099684, 25.80899 ], [ 69.104358, 25.763659 ], [ 69.050112, 25.750179 ], [ 69.048736917000042, 25.721594620000076 ], [ 69.031401, 25.734203 ], [ 68.997614, 25.701066 ], [ 68.920295, 25.754345 ], [ 68.868315, 25.697817 ], [ 68.739017, 25.754995 ], [ 68.726672, 25.723807 ], [ 68.692235, 25.729655 ], [ 68.66562, 25.676491 ], [ 68.622004, 25.693624 ], [ 68.551706, 25.742489 ], [ 68.540133, 25.812786 ], [ 68.492982, 25.834219 ], [ 68.523845, 25.863366 ], [ 68.447118, 25.908374 ], [ 68.475408, 25.928949 ], [ 68.507985, 26.031394 ], [ 68.548277, 26.05797 ], [ 68.451404, 26.044253 ], [ 68.434636007000051, 26.058475990000034 ], [ 68.468246, 26.070079 ], [ 68.453192225000066, 26.113897549000058 ], [ 68.50526336300004, 26.166041886000073 ], [ 68.575479416000064, 26.161340556000027 ], [ 68.622314, 26.196003 ], [ 68.642158, 26.168221 ], [ 68.667776, 26.210075 ], [ 68.630973, 26.290897 ], [ 68.693755, 26.307134 ], [ 68.700971, 26.334556 ], [ 68.737774, 26.337442 ], [ 68.744629, 26.317237 ], [ 68.775299, 26.332391 ], [ 68.856183, 26.437277 ], [ 68.91606, 26.469252 ] ] ] } },
{ "type": "Feature", "properties": { "district_key": "SARGODHA DISTRICT", "area_sqkm": 5856, "census_population_2017": 3696212, "u5mr_posterior_mean": 76.018, "u5mr_ci_lower95": 44.275, "u5mr_ci_upper95": 114.567, "u5mr_posterior_sd": 18.163, "province": "Punjab", "had_direct_data": true, "n_births_direct": 544, "ci_width": 70.292, "run_mode": "normal", "model_version": "hazard_v1_censoring_corrected", "population_2017": 3696212, "remoteness_proxy": 0.467, "norm_mortality_risk": 0.265, "norm_uncertainty": 0.147, "norm_geographic_accessibility_proxy": 0.467, "norm_population": 0.331, "priority_score": 0.277, "rank": 55, "relative_uncertainty": 0.925, "literacy_rate_pct": 65.539, "improved_water_pct": 86.793, "improved_sanitation_pct": 38.378, "deprivation_index": 0.375, "under5_share_pct": 12.378, "display_name": "Sargodha" }, "geometry": { "type": "Polygon", "coordinates": [ [ [ 73.204550965000067, 32.552263282000069 ], [ 73.203965735000054, 32.523333201000071 ], [ 73.151915509000048, 32.495515945000079 ], [ 73.172132409000028, 32.490335839000068 ], [ 73.167502409000065, 32.464868839000076 ], [ 73.081142914000054, 32.457255331000056 ], [ 73.05121282500005, 32.42957961500008 ], [ 73.106778825000049, 32.347967615000073 ], [ 73.087596218000044, 32.285913540000024 ], [ 73.137137, 32.296920001000046 ], [ 73.160868, 32.237881 ], [ 73.221643, 32.263928 ], [ 73.260422, 32.168424 ], [ 73.310193, 32.122091 ], [ 73.257529, 32.0735 ], [ 73.179969, 31.896964 ], [ 72.950182, 31.97626 ], [ 72.9606, 31.931114 ], [ 72.897511, 31.90854 ], [ 72.979122, 31.872654 ], [ 72.983174, 31.842556 ], [ 72.915876256000047, 31.841968519000034 ], [ 72.887092, 31.87439 ], [ 72.850048, 31.822298 ], [ 72.787575144000073, 31.836768 ], [ 72.679301, 31.774836 ], [ 72.564776256000073, 31.763268519000064 ], [ 72.498713, 31.684542 ], [ 72.373112, 31.660232 ], [ 72.371954, 31.620294 ], [ 72.260823, 31.562992 ], [ 72.245774, 31.590196 ], [ 72.30597, 31.64634 ], [ 72.304233, 31.682226 ], [ 72.331438, 31.669493 ], [ 72.35922, 31.711746 ], [ 72.286869, 31.758629 ], [ 72.217046, 31.756345 ], [ 72.268565, 31.821163 ], [ 72.257638, 31.854398 ], [ 72.288085938000052, 31.862121582000043 ], [ 72.255362, 31.91677 ], [ 72.269475, 31.96685 ], [ 72.253541, 31.983239 ], [ 72.324606544000062, 32.045493323000073 ], [ 72.348693, 32.232273 ], [ 72.569044, 32.372497 ], [ 72.803509, 32.429405 ], [ 72.997, 32.5455 ], [ 73.165295267000033, 32.571279 ], [ 73.204550965000067, 32.552263282000069 ] ] ] } },
{ "type": "Feature", "properties": { "district_key": "SHAHEED BENAZIRABAD DISTRICT", "area_sqkm": 4502, "census_population_2017": 1613506, "u5mr_posterior_mean": 99.449, "u5mr_ci_lower95": 55.341, "u5mr_ci_upper95": 157.836, "u5mr_posterior_sd": 26.564, "province": "Sindh", "had_direct_data": true, "n_births_direct": 452, "ci_width": 102.496, "run_mode": "normal", "model_version": "hazard_v1_censoring_corrected", "population_2017": 1613506, "remoteness_proxy": 0.53, "norm_mortality_risk": 0.365, "norm_uncertainty": 0.265, "norm_geographic_accessibility_proxy": 0.53, "norm_population": 0.143, "priority_score": 0.346, "rank": 25, "relative_uncertainty": 1.031, "literacy_rate_pct": 46.864, "improved_water_pct": 87.481, "improved_sanitation_pct": 27.539, "deprivation_index": 0.651, "under5_share_pct": 15.111, "display_name": "Shaheed Benazirabad" }, "geometry": { "type": "Polygon", "coordinates": [ [ [ 68.350822, 26.630909 ], [ 68.80885, 26.562429 ], [ 68.855038, 26.430893 ], [ 68.775299, 26.332391 ], [ 68.744629, 26.317237 ], [ 68.737774, 26.337442 ], [ 68.700971, 26.334556 ], [ 68.693755, 26.307134 ], [ 68.630973, 26.290897 ], [ 68.667776, 26.210075 ], [ 68.642158, 26.168221 ], [ 68.622314, 26.196003 ], [ 68.575479416000064, 26.161340556000027 ], [ 68.50526336300004, 26.166041886000073 ], [ 68.453192225000066, 26.113897549000058 ], [ 68.455257, 26.062502 ], [ 68.37382, 26.096548 ], [ 68.270946, 25.99153 ], [ 68.180073, 25.999246 ], [ 68.021476, 26.1557 ], [ 68.015475, 26.196421 ], [ 67.915601, 26.245715 ], [ 67.904028, 26.29158 ], [ 67.879166, 26.295866 ], [ 67.898049042000082, 26.383293852000065 ], [ 67.927355395000063, 26.374559395000063 ], [ 67.878929484000082, 26.435450368000033 ], [ 67.920316, 26.485326 ], [ 67.909279021000032, 26.547533860000044 ], [ 67.955099, 26.582075 ], [ 67.998881, 26.571971 ], [ 68.031437, 26.603966 ], [ 68.112266, 26.578146 ], [ 68.350822, 26.630909 ] ] ] } },
{ "type": "Feature", "properties": { "district_key": "SHANGLA DISTRICT", "area_sqkm": 1586, "census_population_2017": 759609, "u5mr_posterior_mean": 45.685, "u5mr_ci_lower95": 13.243, "u5mr_ci_upper95": 103.779, "u5mr_posterior_sd": 23.791, "province": "Khyber Pakhtunkhwa", "had_direct_data": true, "n_births_direct": 162, "ci_width": 90.536, "run_mode": "normal", "model_version": "hazard_v1_censoring_corrected", "population_2017": 759609, "remoteness_proxy": 0.498, "norm_mortality_risk": 0.135, "norm_uncertainty": 0.221, "norm_geographic_accessibility_proxy": 0.498, "norm_population": 0.066, "priority_score": 0.227, "rank": 81, "relative_uncertainty": 1.982, "literacy_rate_pct": 33.131, "improved_water_pct": 58.858, "improved_sanitation_pct": 23.507, "deprivation_index": 0.656, "under5_share_pct": 17.867, "display_name": "Shangla" }, "geometry": { "type": "Polygon", "coordinates": [ [ [ 72.720970908000083, 35.159494382000048 ], [ 72.790870908000045, 35.11129438200004 ], [ 72.8185, 34.984189 ], [ 72.907483, 34.967279 ], [ 72.865070001000049, 34.890492 ], [ 73.004506, 34.838932 ], [ 73.004228, 34.821191 ], [ 72.936867, 34.805667 ], [ 72.920512001000077, 34.77157 ], [ 72.818776, 34.750503 ], [ 72.805194, 34.652648 ], [ 72.77775, 34.617443 ], [ 72.819609, 34.563942 ], [ 72.75391, 34.531509 ], [ 72.731457, 34.537053 ], [ 72.70235, 34.615225 ], [ 72.718151, 34.669004 ], [ 72.666035, 34.672884 ], [ 72.650512, 34.64655 ], [ 72.581487, 34.633798 ], [ 72.527154, 34.682864 ], [ 72.57678566800007, 34.75429424400005 ], [ 72.600337, 34.963675 ], [ 72.576774, 35.012464 ], [ 72.668252, 35.075667 ], [ 72.720970908000083, 35.159494382000048 ] ] ] } },
{ "type": "Feature", "properties": { "district_key": "SHEIKHUPURA DISTRICT", "area_sqkm": 3744, "census_population_2017": 3460004, "u5mr_posterior_mean": 19.923, "u5mr_ci_lower95": 5.257, "u5mr_ci_upper95": 45.0, "u5mr_posterior_sd": 10.46, "province": "Punjab", "had_direct_data": true, "n_births_direct": 294, "ci_width": 39.743, "run_mode": "normal", "model_version": "hazard_v1_censoring_corrected", "population_2017": 3460004, "remoteness_proxy": 0.425, "norm_mortality_risk": 0.025, "norm_uncertainty": 0.035, "norm_geographic_accessibility_proxy": 0.425, "norm_population": 0.31, "priority_score": 0.136, "rank": 129, "relative_uncertainty": 1.995, "literacy_rate_pct": 67.02, "improved_water_pct": 94.973, "improved_sanitation_pct": 57.842, "deprivation_index": 0.297, "under5_share_pct": 12.577, "display_name": "Sheikhupura" }, "geometry": { "type": "Polygon", "coordinates": [ [ [ 74.578508, 32.062211 ], [ 74.691542467000033, 31.926748703000044 ], [ 74.57218, 31.839742 ], [ 74.544049880000046, 31.80258542200005 ], [ 74.559979674000033, 31.757417889000067 ], [ 74.438257500000077, 31.692615 ], [ 74.450832500000047, 31.671819 ], [ 74.407304783000029, 31.640382180000074 ], [ 74.368614, 31.669884 ], [ 74.341045500000064, 31.646185500000058 ], [ 74.280107, 31.6694 ], [ 74.24044850000007, 31.611363 ], [ 74.247703500000057, 31.568319 ], [ 74.18337850000006, 31.509798 ], [ 74.17999350000008, 31.467238 ], [ 74.128243816000065, 31.419357474000037 ], [ 74.108414500000038, 31.458048 ], [ 74.074559500000078, 31.416455 ], [ 74.073108500000046, 31.370993 ], [ 74.023686, 31.368091 ], [ 74.030939, 31.442028 ], [ 73.94789, 31.473172 ], [ 73.997757223000065, 31.540703110000038 ], [ 73.993257973000084, 31.560299844000042 ], [ 73.951575, 31.552671 ], [ 73.92875250000003, 31.595987 ], [ 73.898012188000052, 31.569439144000057 ], [ 73.773187, 31.586206 ], [ 73.727077, 31.560115353000072 ], [ 73.750365, 31.529849 ], [ 73.679569, 31.518671 ], [ 73.661758246000034, 31.495625490000066 ], [ 73.638534500000048, 31.517464 ], [ 73.626077001000056, 31.567292999000074 ], [ 73.656528500000036, 31.601897 ], [ 73.780495, 31.614614 ], [ 73.784388, 31.634857 ], [ 73.754024, 31.651207 ], [ 73.770373500000062, 31.739965 ], [ 73.702637, 31.801473 ], [ 73.738451500000053, 31.883224 ], [ 73.712939789000075, 31.904860489000043 ], [ 73.77881, 31.965388 ], [ 73.809095600000035, 31.980877103000068 ], [ 73.880801215000076, 31.943563147000077 ], [ 73.85350171500005, 31.903523647000043 ], [ 73.898199, 31.841266 ], [ 73.97762371500005, 31.852928147000057 ], [ 73.991382, 31.82707 ], [ 74.034407215000044, 31.839824647000057 ], [ 74.128974, 31.817606 ], [ 74.219244, 31.888585 ], [ 74.362658, 31.887857 ], [ 74.578508, 32.062211 ] ] ] } },
{ "type": "Feature", "properties": { "district_key": "SHERANI DISTRICT", "area_sqkm": 4310, "census_population_2017": 152952, "u5mr_posterior_mean": 52.836, "u5mr_ci_lower95": 9.11, "u5mr_ci_upper95": 163.586, "u5mr_posterior_sd": 40.757, "province": "Balochistan", "had_direct_data": true, "n_births_direct": 89, "ci_width": 154.476, "run_mode": "normal", "model_version": "hazard_v1_censoring_corrected", "population_2017": 152952, "remoteness_proxy": 0.783, "norm_mortality_risk": 0.166, "norm_uncertainty": 0.456, "norm_geographic_accessibility_proxy": 0.783, "norm_population": 0.011, "priority_score": 0.361, "rank": 19, "relative_uncertainty": 2.924, "literacy_rate_pct": 28.0, "improved_water_pct": 17.363, "improved_sanitation_pct": 5.811, "deprivation_index": 0.842, "under5_share_pct": 23.794, "display_name": "Sherani" }, "geometry": { "type": "Polygon", "coordinates": [ [ [ 69.879832, 31.978851 ], [ 69.853959, 31.884384 ], [ 69.881036, 31.880172 ], [ 69.962866, 31.931918 ], [ 69.938799, 31.850689 ], [ 69.957451, 31.782697 ], [ 69.944816, 31.540213 ], [ 69.970689, 31.509526 ], [ 70.011002, 31.51073 ], [ 70.056160439000053, 31.38503251800006 ], [ 70.050720215000069, 31.333312988000046 ], [ 69.983367628000053, 31.317348375000051 ], [ 69.949881284000071, 31.27752855600005 ], [ 69.853881836000028, 31.318115234000061 ], [ 69.767764457000055, 31.289002199000038 ], [ 69.734951865000028, 31.320313924000061 ], [ 69.584333, 31.339962 ], [ 69.535276, 31.479648 ], [ 69.581007, 31.704143 ], [ 69.622558361000074, 31.797895145000041 ], [ 69.605119, 31.882077 ], [ 69.553354322000075, 31.954249535000031 ], [ 69.628322, 32.001114 ], [ 69.657806, 32.05647 ], [ 69.849146, 32.098589 ], [ 69.802213, 32.021571 ], [ 69.879832, 31.978851 ] ] ] } },
{ "type": "Feature", "properties": { "district_key": "SHIKARPUR DISTRICT", "area_sqkm": 2512, "census_population_2017": 1233760, "u5mr_posterior_mean": 48.248, "u5mr_ci_lower95": 11.747, "u5mr_ci_upper95": 123.972, "u5mr_posterior_sd": 29.326, "province": "Sindh", "had_direct_data": true, "n_births_direct": 150, "ci_width": 112.225, "run_mode": "normal", "model_version": "hazard_v1_censoring_corrected", "population_2017": 1233760, "remoteness_proxy": 0.495, "norm_mortality_risk": 0.146, "norm_uncertainty": 0.301, "norm_geographic_accessibility_proxy": 0.495, "norm_population": 0.109, "priority_score": 0.259, "rank": 66, "relative_uncertainty": 2.326, "literacy_rate_pct": 40.478, "improved_water_pct": 91.333, "improved_sanitation_pct": 25.994, "deprivation_index": 0.439, "under5_share_pct": 16.699, "display_name": "Shikarpur" }, "geometry": { "type": "Polygon", "coordinates": [ [ [ 68.321714, 28.12058 ], [ 68.652753, 28.154871 ], [ 68.881249, 28.083322 ], [ 68.987277, 28.093191 ], [ 69.058684352000057, 28.028413687000068 ], [ 69.016104, 27.981768 ], [ 68.900702, 27.939564 ], [ 68.857179, 27.882852 ], [ 68.856849, 27.843616 ], [ 68.806732, 27.797455 ], [ 68.721005, 27.809655 ], [ 68.571642, 27.714695 ], [ 68.501412, 27.720301 ], [ 68.457889, 27.687988 ], [ 68.343806, 27.750964 ], [ 68.241628012000035, 27.928243903000066 ], [ 68.313471, 27.934618 ], [ 68.321714, 28.12058 ] ] ] } },
{ "type": "Feature", "properties": { "district_key": "SIALKOT DISTRICT", "area_sqkm": 3016, "census_population_2017": 3894938, "u5mr_posterior_mean": 24.677, "u5mr_ci_lower95": 10.37, "u5mr_ci_upper95": 45.384, "u5mr_posterior_sd": 9.097, "province": "Punjab", "had_direct_data": true, "n_births_direct": 566, "ci_width": 35.015, "run_mode": "normal", "model_version": "hazard_v1_censoring_corrected", "population_2017": 3894938, "remoteness_proxy": 0.388, "norm_mortality_risk": 0.045, "norm_uncertainty": 0.017, "norm_geographic_accessibility_proxy": 0.388, "norm_population": 0.349, "priority_score": 0.136, "rank": 130, "relative_uncertainty": 1.419, "literacy_rate_pct": 77.898, "improved_water_pct": 91.595, "improved_sanitation_pct": 45.466, "deprivation_index": 0.339, "under5_share_pct": 12.371, "display_name": "Sialkot" }, "geometry": { "type": "Polygon", "coordinates": [ [ [ 74.70579910400005, 32.835573043000068 ], [ 74.65605548800005, 32.696677431000069 ], [ 74.695377800000074, 32.660345962000065 ], [ 74.638915524000083, 32.614236247000065 ], [ 74.659783988000072, 32.597071647000064 ], [ 74.652566815000057, 32.565612530000067 ], [ 74.675207187000069, 32.565634207000073 ], [ 74.662491235000061, 32.545991212000047 ], [ 74.691012042000068, 32.533987326000045 ], [ 74.685602740000036, 32.493703241000048 ], [ 74.726712709000083, 32.476183974000037 ], [ 74.876994225000033, 32.494316501000071 ], [ 74.945141284000044, 32.450968315000068 ], [ 74.92212, 32.404367 ], [ 74.878076, 32.382891 ], [ 74.852961, 32.30536 ], [ 74.770080566000047, 32.285705566000047 ], [ 74.741578, 32.217637 ], [ 74.757231, 32.165586 ], [ 74.660407, 32.122634 ], [ 74.62146, 32.065487 ], [ 74.549387, 32.056387 ], [ 74.513716, 32.078591 ], [ 74.490421001000072, 32.149934001000076 ], [ 74.380256813000074, 32.169473587000027 ], [ 74.331354992000058, 32.205261603000054 ], [ 74.328443, 32.244209001000058 ], [ 74.246543, 32.278061 ], [ 74.20650450100004, 32.399999 ], [ 74.202136500000051, 32.522666001000061 ], [ 74.238023500000054, 32.571853500000032 ], [ 74.350316, 32.596163 ], [ 74.442925, 32.65578 ], [ 74.462026, 32.690509 ], [ 74.43954242500007, 32.792266896000058 ], [ 74.511087404000079, 32.742793002000042 ], [ 74.637285294000037, 32.751778517000048 ], [ 74.631679512000062, 32.776059560000078 ], [ 74.658285168000077, 32.787120003000041 ], [ 74.636446987000056, 32.814381204000028 ], [ 74.70579910400005, 32.835573043000068 ] ] ] } },
{ "type": "Feature", "properties": { "district_key": "SIBI DISTRICT", "area_sqkm": 7121, "census_population_2017": 179751, "u5mr_posterior_mean": 53.085, "u5mr_ci_lower95": 8.48, "u5mr_ci_upper95": 161.356, "u5mr_posterior_sd": 40.971, "province": "Balochistan", "had_direct_data": true, "n_births_direct": 129, "ci_width": 152.876, "run_mode": "normal", "model_version": "hazard_v1_censoring_corrected", "population_2017": 179751, "remoteness_proxy": 0.819, "norm_mortality_risk": 0.167, "norm_uncertainty": 0.45, "norm_geographic_accessibility_proxy": 0.819, "norm_population": 0.014, "priority_score": 0.367, "rank": 17, "relative_uncertainty": 2.88, "literacy_rate_pct": 45.966, "improved_water_pct": 51.503, "improved_sanitation_pct": 28.373, "deprivation_index": 0.554, "under5_share_pct": 15.483, "display_name": "Sibi" }, "geometry": { "type": "Polygon", "coordinates": [ [ [ 68.179665, 29.371734 ], [ 68.095289, 29.338229 ], [ 67.991988, 29.377903 ], [ 67.935098, 29.337481 ], [ 67.874465, 29.328498 ], [ 67.883448, 29.416827 ], [ 67.814581, 29.457998 ], [ 67.78389, 29.592738 ], [ 67.698555, 29.599475 ], [ 67.673104, 29.646634 ], [ 67.528113, 29.695125 ], [ 67.460583, 29.873276 ], [ 67.373394, 29.921593 ], [ 67.35505, 29.995461 ], [ 67.407573, 30.015335 ], [ 67.411832, 30.052243 ], [ 67.499083, 30.027295 ], [ 67.535593, 30.037894 ], [ 67.566215, 30.095604 ], [ 67.686346, 30.123871 ], [ 67.7841, 30.06616 ], [ 67.793530980000071, 30.047267994000038 ], [ 67.764078, 30.024939 ], [ 67.779389, 30.013161 ], [ 67.92072, 30.02965 ], [ 67.977252, 30.011984 ], [ 68.012585, 29.960162 ], [ 68.012585, 29.915408 ], [ 67.88892, 29.7199 ], [ 67.894809, 29.690456 ], [ 67.974897, 29.745811 ], [ 67.973719, 29.794099 ], [ 68.056162, 29.842387 ], [ 68.079717001000063, 29.896563 ], [ 68.400129, 29.935430007000036 ], [ 68.413441, 29.897776 ], [ 68.574591, 29.825609 ], [ 68.566884, 29.717709 ], [ 68.436563, 29.624522 ], [ 68.262802, 29.628025 ], [ 68.197641, 29.588088 ], [ 68.102353, 29.422034 ], [ 68.1528, 29.408722 ], [ 68.179665, 29.371734 ] ] ] } },
{ "type": "Feature", "properties": { "district_key": "SOHBATPUR DISTRICT", "area_sqkm": 802, "census_population_2017": 200426, "u5mr_posterior_mean": 48.82, "u5mr_ci_lower95": 8.794, "u5mr_ci_upper95": 145.071, "u5mr_posterior_sd": 35.892, "province": "Balochistan", "had_direct_data": true, "n_births_direct": 108, "ci_width": 136.277, "run_mode": "normal", "model_version": "hazard_v1_censoring_corrected", "population_2017": 200426, "remoteness_proxy": 0.569, "norm_mortality_risk": 0.149, "norm_uncertainty": 0.389, "norm_geographic_accessibility_proxy": 0.569, "norm_population": 0.016, "priority_score": 0.292, "rank": 44, "relative_uncertainty": 2.791, "literacy_rate_pct": 33.15, "improved_water_pct": 48.725, "improved_sanitation_pct": 10.899, "deprivation_index": 0.845, "under5_share_pct": 19.982, "display_name": "Sohbatpur" }, "geometry": { "type": "Polygon", "coordinates": [ [ [ 68.46376308300006, 28.432272110000042 ], [ 68.436477429000035, 28.452306190000058 ], [ 68.43058508300004, 28.514317891000076 ], [ 68.457202641000038, 28.556735509000077 ], [ 68.455570412000043, 28.611468181000077 ], [ 68.379085305000046, 28.617999787000031 ], [ 68.390526, 28.652572 ], [ 68.446179001000075, 28.675500001000046 ], [ 68.764952, 28.488462 ], [ 69.039797, 28.460579 ], [ 69.082019, 28.499615 ], [ 69.131035, 28.439763 ], [ 68.46376308300006, 28.432272110000042 ] ] ] } },
{ "type": "Feature", "properties": { "district_key": "SOUTH WAZIRISTAN A DISTRICT", "area_sqkm": 6620, "census_population_2017": 675215, "u5mr_posterior_mean": 19.933, "u5mr_ci_lower95": 1.931, "u5mr_ci_upper95": 66.282, "u5mr_posterior_sd": 17.527, "province": "Fata", "had_direct_data": true, "n_births_direct": 473, "ci_width": 64.352, "run_mode": "normal", "model_version": "hazard_v1_censoring_corrected", "population_2017": 675215, "remoteness_proxy": 0.668, "norm_mortality_risk": 0.025, "norm_uncertainty": 0.125, "norm_geographic_accessibility_proxy": 0.668, "norm_population": 0.058, "priority_score": 0.187, "rank": 102, "relative_uncertainty": 3.228, "literacy_rate_pct": null, "improved_water_pct": null, "improved_sanitation_pct": null, "deprivation_index": 0.774, "under5_share_pct": 26.221, "display_name": "South Waziristan A" }, "geometry": { "type": "Polygon", "coordinates": [ [ [ 70.253307165000081, 32.719978534000063 ], [ 70.381618676000073, 32.76707873600003 ], [ 70.373913039000058, 32.707939234000037 ], [ 70.336181430000067, 32.699383056000045 ], [ 70.257968548000065, 32.623335484000052 ], [ 70.225855946000081, 32.609484095000028 ], [ 70.199420135000082, 32.625949965000075 ], [ 70.112022534000062, 32.524489749000054 ], [ 70.088751406000029, 32.405112193000036 ], [ 70.114259227000048, 32.376963170000067 ], [ 70.054177838000044, 32.263415293000037 ], [ 70.09731746500006, 32.22087053100006 ], [ 70.070025, 32.165498 ], [ 70.105145, 32.121764 ], [ 70.123037, 32.026343 ], [ 70.187975, 31.977308 ], [ 70.213252435000072, 31.814810967000028 ], [ 69.959551789000045, 31.896228998000026 ], [ 69.956849, 31.934927 ], [ 69.894875, 31.884986 ], [ 69.853959, 31.884384 ], [ 69.879832, 31.978851 ], [ 69.802213, 32.021571 ], [ 69.849146, 32.098589 ], [ 69.657806, 32.05647 ], [ 69.628322, 32.001114 ], [ 69.547695, 31.952376 ], [ 69.523025, 31.972232 ], [ 69.323253, 31.947131 ], [ 69.274767, 32.13911 ], [ 69.281974, 32.354023 ], [ 69.242661, 32.433304 ], [ 69.295829, 32.538066 ], [ 69.39093, 32.5651 ], [ 69.413262123000038, 32.604759659000024 ], [ 69.502849720000029, 32.559844235000071 ], [ 69.610139615000037, 32.589968211000041 ], [ 69.603358151000066, 32.648467259000029 ], [ 69.71796488800004, 32.713783462000038 ], [ 69.800241625000069, 32.700067689000036 ], [ 69.853232228000081, 32.655729596000072 ], [ 69.883055700000057, 32.685092610000027 ], [ 69.943822183000066, 32.678935037000031 ], [ 69.978412322000054, 32.70365888200007 ], [ 70.050921197000036, 32.668511887000079 ], [ 70.146276406000084, 32.731273057000067 ], [ 70.253307165000081, 32.719978534000063 ] ] ] } },
{ "type": "Feature", "properties": { "district_key": "SUJAWAL DISTRICT", "area_sqkm": 8785, "census_population_2017": 779062, "u5mr_posterior_mean": 33.809, "u5mr_ci_lower95": 6.883, "u5mr_ci_upper95": 92.0, "u5mr_posterior_sd": 22.752, "province": "Sindh", "had_direct_data": true, "n_births_direct": 468, "ci_width": 85.117, "run_mode": "normal", "model_version": "hazard_v1_censoring_corrected", "population_2017": 779062, "remoteness_proxy": 0.683, "norm_mortality_risk": 0.084, "norm_uncertainty": 0.201, "norm_geographic_accessibility_proxy": 0.683, "norm_population": 0.068, "priority_score": 0.238, "rank": 74, "relative_uncertainty": 2.518, "literacy_rate_pct": 25.124, "improved_water_pct": 49.132, "improved_sanitation_pct": 15.447, "deprivation_index": 0.772, "under5_share_pct": 15.552, "display_name": "Sujawal" }, "geometry": { "type": "MultiPolygon", "coordinates": [ [ [ [ 68.259933186000069, 24.989115414000025 ], [ 68.308887, 24.925273 ], [ 68.259506, 24.886938 ], [ 68.371262, 24.726452 ], [ 68.354369, 24.648483 ], [ 68.406348, 24.558168 ], [ 68.394003, 24.519184 ], [ 68.416744, 24.42627 ], [ 68.457028, 24.438616 ], [ 68.448582, 24.394433 ], [ 68.561637, 24.361946 ], [ 68.733169, 24.372992 ], [ 68.768408309000051, 24.268675273000042 ], [ 68.75153, 23.9701 ], [ 68.379703, 23.971025 ], [ 68.36465, 23.940525 ], [ 68.341718, 23.978072 ], [ 68.329381, 23.948454 ], [ 68.348651, 23.937604 ], [ 68.268102, 23.930786 ], [ 68.287554, 23.890146 ], [ 68.253637, 23.901295 ], [ 68.203687, 23.879475 ], [ 68.194115108000062, 23.84699790600007 ], [ 68.136047363000046, 23.869544983000026 ], [ 68.142105103000063, 23.839685440000039 ], [ 68.051897380000071, 23.859004772000048 ], [ 68.041961670000035, 23.911851883000054 ], [ 68.038989, 23.785586 ], [ 67.973027, 23.757042 ], [ 67.930567, 23.777748 ], [ 67.959628, 23.806523 ], [ 67.872543, 23.884227 ], [ 67.85472, 23.93664 ], [ 67.831877, 23.901882 ], [ 67.839683, 23.838114 ], [ 67.800029, 23.808125 ], [ 67.709037781000063, 23.856201172000056 ], [ 67.736498010000048, 23.819935907000058 ], [ 67.666228, 23.811528 ], [ 67.645722, 23.849075 ], [ 67.489140680000048, 23.917517880000048 ], [ 67.466087341000048, 23.945363998000062 ], [ 67.50437164300007, 23.966039658000057 ], [ 67.486419678000061, 23.974071503000062 ], [ 67.496913, 24.030578 ], [ 67.572618, 24.06481 ], [ 67.545628, 24.159605 ], [ 67.637132, 24.184621 ], [ 67.661845922000055, 24.15846252700004 ], [ 67.751215, 24.243365 ], [ 67.809439, 24.241701 ], [ 67.774504, 24.324879 ], [ 67.852137, 24.377558 ], [ 67.847146, 24.420256 ], [ 67.964149, 24.420256 ], [ 67.963595, 24.464618 ], [ 67.992424988000039, 24.475033514000074 ], [ 67.982593865000069, 24.504779001000031 ], [ 67.95195, 24.507315 ], [ 67.994555, 24.547795 ], [ 67.962486, 24.667571 ], [ 68.029583, 24.767384 ], [ 68.031246, 24.835035 ], [ 68.070062, 24.856107 ], [ 68.123680639000042, 24.840468952000037 ], [ 68.085589, 24.888269 ], [ 68.122742, 24.913222 ], [ 68.128287, 24.963129 ], [ 68.175421, 24.975883 ], [ 68.222, 24.951484 ], [ 68.259933186000069, 24.989115414000025 ] ] ], [ [ [ 68.192905, 23.816043 ], [ 68.162303, 23.754448 ], [ 68.168027, 23.710731 ], [ 68.063757, 23.711342 ], [ 68.108858543000053, 23.82489126400003 ], [ 68.172935486000029, 23.822923660000072 ], [ 68.167404175000058, 23.844354630000055 ], [ 68.192905, 23.816043 ] ] ] ] } },
{ "type": "Feature", "properties": { "district_key": "SUKKUR DISTRICT", "area_sqkm": 5165, "census_population_2017": 1488372, "u5mr_posterior_mean": 66.105, "u5mr_ci_lower95": 30.563, "u5mr_ci_upper95": 118.528, "u5mr_posterior_sd": 22.661, "province": "Sindh", "had_direct_data": true, "n_births_direct": 343, "ci_width": 87.965, "run_mode": "normal", "model_version": "hazard_v1_censoring_corrected", "population_2017": 1488372, "remoteness_proxy": 0.554, "norm_mortality_risk": 0.223, "norm_uncertainty": 0.212, "norm_geographic_accessibility_proxy": 0.554, "norm_population": 0.132, "priority_score": 0.277, "rank": 56, "relative_uncertainty": 1.331, "literacy_rate_pct": 54.725, "improved_water_pct": 90.665, "improved_sanitation_pct": 41.302, "deprivation_index": 0.6, "under5_share_pct": 15.235, "display_name": "Sukkur" }, "geometry": { "type": "Polygon", "coordinates": [ [ [ 69.057649, 28.028259 ], [ 69.090197, 27.991784 ], [ 69.114414, 28.017514 ], [ 69.177928985000051, 27.991612953000072 ], [ 69.184388, 27.909555 ], [ 69.271583, 27.754542 ], [ 69.233906, 27.72763 ], [ 69.200535, 27.747007 ], [ 69.197306, 27.72763 ], [ 69.156399, 27.724401 ], [ 69.154246, 27.695336 ], [ 69.217759, 27.675959 ], [ 69.335095, 27.543553 ], [ 69.443819, 27.517717 ], [ 69.55039, 27.528482 ], [ 69.531014, 27.463893 ], [ 69.621438, 27.399305 ], [ 69.793444686000043, 27.335749433000046 ], [ 69.587769, 27.179926 ], [ 69.540315633000034, 27.069016957000031 ], [ 69.23944, 27.184611 ], [ 69.007471, 27.203882 ], [ 68.868765713000073, 27.271023415000059 ], [ 68.830461, 27.301666 ], [ 68.832602, 27.329859 ], [ 68.891486, 27.413368 ], [ 68.866148, 27.442989 ], [ 68.894341, 27.480818 ], [ 68.831174, 27.480461 ], [ 68.792632, 27.521502 ], [ 68.853301, 27.641055 ], [ 68.843308, 27.6953 ], [ 68.768007, 27.699939 ], [ 68.718759, 27.676742 ], [ 68.66951, 27.720995 ], [ 68.600022203000037, 27.728742590000024 ], [ 68.721005, 27.809655 ], [ 68.806732, 27.797455 ], [ 68.856849, 27.843616 ], [ 68.857179, 27.882852 ], [ 68.900702, 27.939564 ], [ 69.016104, 27.981768 ], [ 69.057649, 28.028259 ] ] ] } },
{ "type": "Feature", "properties": { "district_key": "SWABI DISTRICT", "area_sqkm": 1543, "census_population_2017": 1625477, "u5mr_posterior_mean": 34.243, "u5mr_ci_lower95": 11.895, "u5mr_ci_upper95": 70.511, "u5mr_posterior_sd": 15.25, "province": "Khyber Pakhtunkhwa", "had_direct_data": true, "n_births_direct": 538, "ci_width": 58.616, "run_mode": "normal", "model_version": "hazard_v1_censoring_corrected", "population_2017": 1625477, "remoteness_proxy": 0.411, "norm_mortality_risk": 0.086, "norm_uncertainty": 0.104, "norm_geographic_accessibility_proxy": 0.411, "norm_population": 0.144, "priority_score": 0.162, "rank": 118, "relative_uncertainty": 1.712, "literacy_rate_pct": 59.061, "improved_water_pct": 72.572, "improved_sanitation_pct": 60.773, "deprivation_index": 0.508, "under5_share_pct": 13.802, "display_name": "Swabi" }, "geometry": { "type": "Polygon", "coordinates": [ [ [ 72.485296, 34.34079 ], [ 72.413795718000074, 34.189170455000067 ], [ 72.538242, 34.155061 ], [ 72.585368, 34.18555351200007 ], [ 72.568735, 34.218541 ], [ 72.644968, 34.279527 ], [ 72.738940036000031, 34.304752963000055 ], [ 72.774146, 34.246816 ], [ 72.754464, 34.122073 ], [ 72.63277, 34.017843 ], [ 72.547491, 33.99013 ], [ 72.440292087000046, 34.00366487000008 ], [ 72.238551484000084, 33.899347857000066 ], [ 72.209475, 33.979311 ], [ 72.235809, 34.002596 ], [ 72.248284, 34.087699 ], [ 72.207533949000037, 34.090748 ], [ 72.207812, 34.205235 ], [ 72.238027, 34.250143 ], [ 72.331446, 34.24848 ], [ 72.335327, 34.324157 ], [ 72.434694814000068, 34.381169646000046 ], [ 72.485296, 34.34079 ] ] ] } },
{ "type": "Feature", "properties": { "district_key": "SWAT DISTRICT", "area_sqkm": 5337, "census_population_2017": 2308624, "u5mr_posterior_mean": 29.01, "u5mr_ci_lower95": 7.476, "u5mr_ci_upper95": 69.827, "u5mr_posterior_sd": 16.303, "province": "Khyber Pakhtunkhwa", "had_direct_data": true, "n_births_direct": 809, "ci_width": 62.351, "run_mode": "normal", "model_version": "hazard_v1_censoring_corrected", "population_2017": 2308624, "remoteness_proxy": 0.509, "norm_mortality_risk": 0.064, "norm_uncertainty": 0.118, "norm_geographic_accessibility_proxy": 0.509, "norm_population": 0.206, "priority_score": 0.183, "rank": 107, "relative_uncertainty": 2.149, "literacy_rate_pct": 50.271, "improved_water_pct": 53.828, "improved_sanitation_pct": 35.38, "deprivation_index": 0.573, "under5_share_pct": 15.197, "display_name": "Swat" }, "geometry": { "type": "Polygon", "coordinates": [ [ [ 72.518392870000071, 35.900606435000043 ], [ 72.568500363000055, 35.851801117000036 ], [ 72.67040069400008, 35.822191960000055 ], [ 72.787454934000039, 35.853424764000067 ], [ 72.798570908000045, 35.833294382000076 ], [ 72.795470908000084, 35.724294382000039 ], [ 72.747070908000069, 35.548694382000065 ], [ 72.755870908000077, 35.459894382000073 ], [ 72.724870908000071, 35.422694382000032 ], [ 72.785570908000068, 35.375694382000063 ], [ 72.762470908000068, 35.274494382000057 ], [ 72.702991461000067, 35.230939315000057 ], [ 72.685378522000065, 35.182971768000073 ], [ 72.720850966000057, 35.159717529000034 ], [ 72.694329845000084, 35.109894689000043 ], [ 72.576774, 35.012464 ], [ 72.600337, 34.963675 ], [ 72.576497, 34.753829 ], [ 72.531312, 34.705041 ], [ 72.490008, 34.710308 ], [ 72.478088, 34.674548 ], [ 72.404905, 34.682587 ], [ 72.352790500000083, 34.62465 ], [ 72.258817, 34.581406 ], [ 72.159449722000033, 34.575549003000049 ], [ 72.119401524000068, 34.616142733000061 ], [ 72.136846, 34.657638 ], [ 72.094593490000079, 34.670587488000024 ], [ 72.123739805000071, 34.741621438000038 ], [ 72.192288, 34.803449 ], [ 72.127532086000031, 34.889843203000055 ], [ 72.160963, 34.904353 ], [ 72.179813689000071, 34.996661648000043 ], [ 72.213092964000055, 35.035383926000065 ], [ 72.198923405000073, 35.11362676400006 ], [ 72.328119500000071, 35.196807 ], [ 72.284321, 35.264168 ], [ 72.315645, 35.335688 ], [ 72.364434, 35.365072 ], [ 72.351682, 35.405821 ], [ 72.371641, 35.46154 ], [ 72.333664, 35.523357 ], [ 72.214187, 35.608183 ], [ 72.212247, 35.632577 ], [ 72.259649, 35.673881 ], [ 72.291291478000062, 35.771407658000044 ], [ 72.369421516000045, 35.765916189000052 ], [ 72.416824779000081, 35.830228033000026 ], [ 72.452307064000081, 35.833278184000051 ], [ 72.518392870000071, 35.900606435000043 ] ] ] } },
{ "type": "Feature", "properties": { "district_key": "TANDO ALLAHYAR DISTRICT", "area_sqkm": 1554, "census_population_2017": 838527, "u5mr_posterior_mean": 34.92, "u5mr_ci_lower95": 7.266, "u5mr_ci_upper95": 95.317, "u5mr_posterior_sd": 23.664, "province": "Sindh", "had_direct_data": true, "n_births_direct": 212, "ci_width": 88.051, "run_mode": "normal", "model_version": "hazard_v1_censoring_corrected", "population_2017": 838527, "remoteness_proxy": 0.485, "norm_mortality_risk": 0.089, "norm_uncertainty": 0.212, "norm_geographic_accessibility_proxy": 0.485, "norm_population": 0.073, "priority_score": 0.204, "rank": 94, "relative_uncertainty": 2.522, "literacy_rate_pct": 38.23, "improved_water_pct": 68.464, "improved_sanitation_pct": 25.208, "deprivation_index": 0.466, "under5_share_pct": 15.117, "display_name": "Tando Allahyar" }, "geometry": { "type": "Polygon", "coordinates": [ [ [ 68.840377, 25.722507 ], [ 68.903402, 25.667279 ], [ 68.885859, 25.53928 ], [ 68.961229, 25.402184 ], [ 68.968268, 25.297877 ], [ 68.890407, 25.264439 ], [ 68.885859, 25.228703 ], [ 68.770854, 25.208561 ], [ 68.769555, 25.246246 ], [ 68.706412, 25.285568 ], [ 68.640296861000081, 25.262689987000044 ], [ 68.572682, 25.358002 ], [ 68.625312, 25.350205 ], [ 68.590226, 25.465209 ], [ 68.618814, 25.553574 ], [ 68.670794, 25.599056 ], [ 68.6539, 25.658183 ], [ 68.692235, 25.729655 ], [ 68.726672, 25.723807 ], [ 68.739017, 25.754995 ], [ 68.840377, 25.722507 ] ] ] } },
{ "type": "Feature", "properties": { "district_key": "TANDO MUHAMMAD KHAN DISTRICT", "area_sqkm": 1423, "census_population_2017": 677098, "u5mr_posterior_mean": 42.609, "u5mr_ci_lower95": 10.08, "u5mr_ci_upper95": 108.743, "u5mr_posterior_sd": 25.576, "province": "Sindh", "had_direct_data": true, "n_births_direct": 200, "ci_width": 98.663, "run_mode": "normal", "model_version": "hazard_v1_censoring_corrected", "population_2017": 677098, "remoteness_proxy": 0.498, "norm_mortality_risk": 0.122, "norm_uncertainty": 0.251, "norm_geographic_accessibility_proxy": 0.498, "norm_population": 0.059, "priority_score": 0.23, "rank": 78, "relative_uncertainty": 2.316, "literacy_rate_pct": 31.963, "improved_water_pct": 64.285, "improved_sanitation_pct": 14.876, "deprivation_index": 0.65, "under5_share_pct": 15.244, "display_name": "Tando Muhammad Khan" }, "geometry": { "type": "Polygon", "coordinates": [ [ [ 68.700682, 25.200114 ], [ 68.614916, 25.15918 ], [ 68.666245, 25.155282 ], [ 68.658449, 25.139688 ], [ 68.572033, 25.089008 ], [ 68.756368576000057, 24.962229298000068 ], [ 68.845249511000077, 24.987155960000052 ], [ 68.868516686000078, 24.935628929000075 ], [ 68.83492190000004, 24.928431676000059 ], [ 68.847927523000067, 24.888182198000038 ], [ 68.818797619000065, 24.818983310000078 ], [ 68.785340362000056, 24.831275308000045 ], [ 68.745541188000061, 24.791135369000074 ], [ 68.675602280000078, 24.795120703000066 ], [ 68.648097679000045, 24.853227235000077 ], [ 68.680756594000059, 24.894609242000058 ], [ 68.57983, 24.865497 ], [ 68.532398, 24.888887 ], [ 68.499262, 24.859649 ], [ 68.484967, 24.873294 ], [ 68.433638, 24.791426 ], [ 68.357618, 24.758289 ], [ 68.299141, 24.80767 ], [ 68.259506, 24.886938 ], [ 68.310836, 24.938268 ], [ 68.258857, 24.989598 ], [ 68.265354, 25.082511 ], [ 68.278999, 25.124094 ], [ 68.345922, 25.128642 ], [ 68.338775, 25.212459 ], [ 68.419343, 25.163729 ], [ 68.456379, 25.181921 ], [ 68.52915, 25.157881 ], [ 68.558388, 25.175424 ], [ 68.55384, 25.204013 ], [ 68.599322, 25.18582 ], [ 68.600621, 25.238449 ], [ 68.642205, 25.241698 ], [ 68.663494, 25.283422 ], [ 68.706412, 25.285568 ], [ 68.73747859000008, 25.253502567000055 ], [ 68.700682, 25.200114 ] ] ] } },
{ "type": "Feature", "properties": { "district_key": "TANK DISTRICT", "area_sqkm": 1679, "census_population_2017": 390626, "u5mr_posterior_mean": 48.916, "u5mr_ci_lower95": 12.728, "u5mr_ci_upper95": 115.479, "u5mr_posterior_sd": 26.923, "province": "Khyber Pakhtunkhwa", "had_direct_data": true, "n_births_direct": 446, "ci_width": 102.751, "run_mode": "normal", "model_version": "hazard_v1_censoring_corrected", "population_2017": 390626, "remoteness_proxy": 0.577, "norm_mortality_risk": 0.149, "norm_uncertainty": 0.266, "norm_geographic_accessibility_proxy": 0.577, "norm_population": 0.033, "priority_score": 0.258, "rank": 68, "relative_uncertainty": 2.101, "literacy_rate_pct": 41.365, "improved_water_pct": 54.924, "improved_sanitation_pct": 24.59, "deprivation_index": 0.668, "under5_share_pct": 17.402, "display_name": "Tank" }, "geometry": { "type": "Polygon", "coordinates": [ [ [ 70.55416094800006, 32.465338118000034 ], [ 70.609562, 32.465286 ], [ 70.601339, 32.429105 ], [ 70.691431, 32.390886 ], [ 70.708505, 32.345357 ], [ 70.675171, 32.325845 ], [ 70.662976, 32.270561 ], [ 70.577611, 32.209585 ], [ 70.551594, 32.111212 ], [ 70.426392, 32.08357 ], [ 70.259725, 32.088448 ], [ 70.180864, 31.999017 ], [ 70.132314, 32.015079 ], [ 70.105145, 32.121764 ], [ 70.074001, 32.150257 ], [ 70.079302, 32.202606 ], [ 70.166771, 32.248991 ], [ 70.20918, 32.31393 ], [ 70.298637, 32.300014 ], [ 70.485501, 32.513385 ], [ 70.55416094800006, 32.465338118000034 ] ] ] } },
{ "type": "Feature", "properties": { "district_key": "THARPARKAR DISTRICT", "area_sqkm": 19637, "census_population_2017": 1647036, "u5mr_posterior_mean": 34.954, "u5mr_ci_lower95": 10.786, "u5mr_ci_upper95": 77.069, "u5mr_posterior_sd": 17.111, "province": "Sindh", "had_direct_data": true, "n_births_direct": 370, "ci_width": 66.284, "run_mode": "normal", "model_version": "hazard_v1_censoring_corrected", "population_2017": 1647036, "remoteness_proxy": 0.689, "norm_mortality_risk": 0.089, "norm_uncertainty": 0.132, "norm_geographic_accessibility_proxy": 0.689, "norm_population": 0.146, "priority_score": 0.228, "rank": 79, "relative_uncertainty": 1.896, "literacy_rate_pct": 29.78, "improved_water_pct": 12.56, "improved_sanitation_pct": 5.888, "deprivation_index": 0.858, "under5_share_pct": 19.709, "display_name": "Tharparkar" }, "geometry": { "type": "Polygon", "coordinates": [ [ [ 70.359461, 25.680952 ], [ 70.529253, 25.684417 ], [ 70.60817, 25.71589 ], [ 70.661357, 25.703103 ], [ 70.679734, 25.52295 ], [ 70.666251, 25.397305 ], [ 70.88902, 25.1476 ], [ 70.938698, 24.938759 ], [ 71.099087, 24.687437 ], [ 70.987804, 24.595623 ], [ 70.999212, 24.44717 ], [ 71.103543, 24.436785 ], [ 71.124951, 24.400873 ], [ 70.867742, 24.3023 ], [ 70.896646, 24.256045 ], [ 70.796091, 24.220475 ], [ 70.701502, 24.219579 ], [ 70.570598, 24.255381 ], [ 70.584796, 24.308494 ], [ 70.56491, 24.348489 ], [ 70.596857, 24.40739 ], [ 70.533274, 24.410216 ], [ 70.374077, 24.348794 ], [ 70.132649, 24.295008 ], [ 70.020269, 24.164017 ], [ 69.724932, 24.171247 ], [ 69.590547, 24.280758 ], [ 69.503236, 24.257807 ], [ 69.290884, 24.268813 ], [ 69.193875, 24.233872 ], [ 69.082406862000028, 24.261341345000062 ], [ 69.056138, 24.324389 ], [ 69.077556, 24.450951 ], [ 69.220992, 24.542464 ], [ 69.196978, 24.615156 ], [ 69.235271, 24.595685 ], [ 69.252146, 24.647608 ], [ 69.221641, 24.682006 ], [ 69.285896, 24.721597 ], [ 69.252795, 24.752102 ], [ 69.465678, 24.865034 ], [ 69.62534, 25.039623 ], [ 69.707767, 24.998734 ], [ 69.740219, 25.005874 ], [ 69.741517, 25.104527 ], [ 69.6857, 25.151906 ], [ 69.884953, 25.242122 ], [ 70.003726, 25.200584 ], [ 70.111465, 25.20318 ], [ 70.226993, 25.238876 ], [ 70.253604, 25.220054 ], [ 70.294493, 25.247314 ], [ 70.30293, 25.343371 ], [ 70.275671, 25.357649 ], [ 70.32954, 25.403731 ], [ 70.286704, 25.425798 ], [ 70.252954, 25.403731 ], [ 70.230887, 25.434884 ], [ 70.282161, 25.495893 ], [ 70.284757, 25.552359 ], [ 70.248411, 25.562095 ], [ 70.172474, 25.533537 ], [ 70.226344, 25.595844 ], [ 70.125744, 25.590652 ], [ 70.16209, 25.660748 ], [ 70.264159985000049, 25.720831816000043 ], [ 70.359461, 25.680952 ] ] ] } },
{ "type": "Feature", "properties": { "district_key": "THATTA DISTRICT", "area_sqkm": 8570, "census_population_2017": 982138, "u5mr_posterior_mean": 35.53, "u5mr_ci_lower95": 9.296, "u5mr_ci_upper95": 85.508, "u5mr_posterior_sd": 19.776, "province": "Sindh", "had_direct_data": true, "n_births_direct": 420, "ci_width": 76.212, "run_mode": "normal", "model_version": "hazard_v1_censoring_corrected", "population_2017": 982138, "remoteness_proxy": 0.655, "norm_mortality_risk": 0.092, "norm_uncertainty": 0.169, "norm_geographic_accessibility_proxy": 0.655, "norm_population": 0.086, "priority_score": 0.227, "rank": 80, "relative_uncertainty": 2.145, "literacy_rate_pct": 27.883, "improved_water_pct": 41.63, "improved_sanitation_pct": 16.452, "deprivation_index": 0.773, "under5_share_pct": 15.08, "display_name": "Thatta" }, "geometry": { "type": "MultiPolygon", "coordinates": [ [ [ [ 68.080132110000079, 25.418740704000072 ], [ 68.17439, 25.298225 ], [ 68.322532, 25.28718 ], [ 68.345273, 25.303423 ], [ 68.32578, 25.23715 ], [ 68.345922, 25.128642 ], [ 68.278999, 25.124094 ], [ 68.259933186000069, 24.989115414000025 ], [ 68.222, 24.951484 ], [ 68.175421, 24.975883 ], [ 68.128287, 24.963129 ], [ 68.122742, 24.913222 ], [ 68.085589, 24.888269 ], [ 68.123680639000042, 24.840468952000037 ], [ 68.070062, 24.856107 ], [ 68.026255, 24.826718 ], [ 68.029583, 24.767384 ], [ 67.962486, 24.667571 ], [ 67.994555, 24.547795 ], [ 67.95195, 24.507315 ], [ 67.982593865000069, 24.504779001000031 ], [ 67.992424988000039, 24.475033514000074 ], [ 67.963595, 24.464618 ], [ 67.964149, 24.420256 ], [ 67.847146, 24.420256 ], [ 67.852137, 24.377558 ], [ 67.774504, 24.324879 ], [ 67.809439, 24.241701 ], [ 67.751215, 24.243365 ], [ 67.661845922000055, 24.15846252700004 ], [ 67.637132, 24.184621 ], [ 67.545628, 24.159605 ], [ 67.572618, 24.06481 ], [ 67.50218, 24.039794 ], [ 67.486419678000061, 23.974071503000062 ], [ 67.441280124000059, 23.95099897800003 ], [ 67.383716, 24.016105 ], [ 67.438026428000057, 24.063631058000055 ], [ 67.418418884000062, 24.088281631000029 ], [ 67.448898315000065, 24.116813660000048 ], [ 67.408821106000062, 24.084005356000034 ], [ 67.40457153300008, 24.070512772000029 ], [ 67.407347, 24.05473 ], [ 67.384654, 24.069322 ], [ 67.363388212000075, 24.132348334000028 ], [ 67.411834717000033, 24.123331070000063 ], [ 67.424514771000077, 24.130212784000037 ], [ 67.357084616000066, 24.140440742000067 ], [ 67.316816062000044, 24.213201689000073 ], [ 67.36253356900005, 24.238571167000032 ], [ 67.42074585000006, 24.209800720000032 ], [ 67.431213379000042, 24.221410751000064 ], [ 67.431655884000065, 24.247184753000056 ], [ 67.421157837000067, 24.216701508000028 ], [ 67.350082397000051, 24.254228592000061 ], [ 67.395683289000033, 24.286615372000028 ], [ 67.358474731000058, 24.283721924000076 ], [ 67.328857422000056, 24.244342804000041 ], [ 67.286585, 24.289616 ], [ 67.32985687300004, 24.333908081000061 ], [ 67.359565735000047, 24.290645599000072 ], [ 67.346580505000077, 24.342809677000048 ], [ 67.410881042000028, 24.311319351000066 ], [ 67.442108154000039, 24.316089631000068 ], [ 67.44899749800004, 24.332174301000066 ], [ 67.490600586000028, 24.321825027000045 ], [ 67.529052734000061, 24.334526062000066 ], [ 67.512428284000066, 24.352573395000036 ], [ 67.487243652000075, 24.326307297000028 ], [ 67.456581116000052, 24.342227936000029 ], [ 67.434341431000064, 24.322725296000044 ], [ 67.366523743000073, 24.350980759000038 ], [ 67.369026184000063, 24.385709763000023 ], [ 67.41774749800004, 24.386468887000035 ], [ 67.422859192000033, 24.360338211000055 ], [ 67.427787781000063, 24.391803742000036 ], [ 67.349082947000056, 24.40049743700007 ], [ 67.416923523000037, 24.436742783000057 ], [ 67.464607239000031, 24.423465729000043 ], [ 67.472679138000046, 24.426855087000035 ], [ 67.390197754000042, 24.450065613000049 ], [ 67.370666504000042, 24.436691284000062 ], [ 67.383415222000053, 24.45443534900005 ], [ 67.360374451000041, 24.460775375000026 ], [ 67.395042419000049, 24.483411789000058 ], [ 67.421775818000071, 24.464452744000027 ], [ 67.454002380000077, 24.462156296000046 ], [ 67.417686462000063, 24.475799561000031 ], [ 67.41202545200008, 24.521537781000063 ], [ 67.374290466000048, 24.472085953000033 ], [ 67.309387207000043, 24.458877563000044 ], [ 67.325775146000069, 24.465267181000058 ], [ 67.328178406000063, 24.485176086000024 ], [ 67.352333069000053, 24.479713440000069 ], [ 67.370170593000068, 24.530397415000039 ], [ 67.397537231000058, 24.524614334000034 ], [ 67.398719788000051, 24.546779633000028 ], [ 67.357063293000067, 24.550424576000069 ], [ 67.413627625000061, 24.585674286000028 ], [ 67.43961334200003, 24.574617386000057 ], [ 67.407089234000068, 24.589427948000036 ], [ 67.323348999000075, 24.549100876000068 ], [ 67.299011230000076, 24.581483841000079 ], [ 67.320236206000061, 24.575717926000038 ], [ 67.370986938000044, 24.608079910000072 ], [ 67.383743286000083, 24.637723923000067 ], [ 67.440483093000068, 24.64040374800004 ], [ 67.453208923000034, 24.65375709500006 ], [ 67.420272827000076, 24.672735214000056 ], [ 67.432533264000028, 24.698183060000076 ], [ 67.393218994000051, 24.704631805000076 ], [ 67.349334717000033, 24.762905121000074 ], [ 67.452812195000035, 24.776084900000058 ], [ 67.468070984000065, 24.753818512000066 ], [ 67.439046974000064, 24.838614987000028 ], [ 67.579875, 24.790126 ], [ 67.521388936000051, 24.979481361000069 ], [ 67.590271, 24.972054 ], [ 67.648748, 25.015587 ], [ 67.709824, 25.000643 ], [ 67.74556, 25.069516 ], [ 67.804686, 25.090308 ], [ 67.82223, 25.213759 ], [ 67.906046, 25.301474 ], [ 67.909295, 25.360601 ], [ 67.942432, 25.410631 ], [ 68.013904, 25.448316 ], [ 68.080132110000079, 25.418740704000072 ] ] ], [ [ [ 67.432090759000062, 24.64493370100007 ], [ 67.389915466000048, 24.649200439000026 ], [ 67.369888306000064, 24.670673370000031 ], [ 67.341827393000074, 24.675596237000036 ], [ 67.340515137000068, 24.68578147900007 ], [ 67.42572784400005, 24.696920395000063 ], [ 67.415184021000073, 24.674448013000074 ], [ 67.432090759000062, 24.64493370100007 ] ] ], [ [ [ 67.412956238000049, 24.059310913000047 ], [ 67.413040161000083, 24.080595016000075 ], [ 67.423088074000077, 24.067569733000028 ], [ 67.412956238000049, 24.059310913000047 ] ] ], [ [ [ 67.37901306200007, 24.421520233000024 ], [ 67.386459351000042, 24.434913635000044 ], [ 67.395103455000083, 24.429561615000068 ], [ 67.37901306200007, 24.421520233000024 ] ] ], [ [ [ 67.353240967000033, 24.727748871000074 ], [ 67.39147186200006, 24.696641922000026 ], [ 67.340255737000064, 24.692245483000079 ], [ 67.327156067000033, 24.676990509000063 ], [ 67.287284851000038, 24.691738129000044 ], [ 67.294967651000036, 24.671117783000057 ], [ 67.272476196000071, 24.668069839000054 ], [ 67.271003723000035, 24.653614044000051 ], [ 67.272270203000062, 24.678918839000062 ], [ 67.248138428000061, 24.677062988000046 ], [ 67.217308044000049, 24.71610641500007 ], [ 67.353240967000033, 24.727748871000074 ] ] ], [ [ [ 67.362243652000075, 24.615516663000051 ], [ 67.326744080000083, 24.630002975000025 ], [ 67.374008179000043, 24.629890442000033 ], [ 67.362243652000075, 24.615516663000051 ] ] ], [ [ [ 67.372764587000063, 24.45283317600007 ], [ 67.305908203000058, 24.43204307600007 ], [ 67.296630859000061, 24.441753387000063 ], [ 67.372764587000063, 24.45283317600007 ] ] ], [ [ [ 67.344680786000083, 24.649803162000069 ], [ 67.367065430000082, 24.667032242000062 ], [ 67.364906311000084, 24.65213966400006 ], [ 67.344680786000083, 24.649803162000069 ] ] ], [ [ [ 67.365257263000046, 24.429418564000059 ], [ 67.33874511700003, 24.391181946000074 ], [ 67.305366516000049, 24.394247055000051 ], [ 67.308609009000065, 24.41564369200006 ], [ 67.339973450000059, 24.41773033100003 ], [ 67.310394287000065, 24.428018570000063 ], [ 67.365257263000046, 24.429418564000059 ] ] ], [ [ [ 67.350517273000037, 24.502405167000063 ], [ 67.321784973000035, 24.525461197000027 ], [ 67.293350220000036, 24.529314041000077 ], [ 67.320022583000082, 24.54669380200005 ], [ 67.359497070000032, 24.534849167000061 ], [ 67.350517273000037, 24.502405167000063 ] ] ], [ [ [ 67.338577271000077, 24.360912323000036 ], [ 67.355667114000028, 24.38381004300004 ], [ 67.357849121000072, 24.357374191000076 ], [ 67.338577271000077, 24.360912323000036 ] ] ], [ [ [ 67.339797974000078, 24.617490768000039 ], [ 67.346267700000055, 24.609771729000045 ], [ 67.342407227000081, 24.609228134000034 ], [ 67.339797974000078, 24.617490768000039 ] ] ], [ [ [ 67.314277649000076, 24.507884979000039 ], [ 67.346580505000077, 24.498310089000029 ], [ 67.344818115000066, 24.490945816000078 ], [ 67.314277649000076, 24.507884979000039 ] ] ], [ [ [ 67.324272156000063, 24.640567780000026 ], [ 67.306617737000067, 24.659606934000067 ], [ 67.31990051300005, 24.658586502000048 ], [ 67.334251404000042, 24.676597595000032 ], [ 67.324272156000063, 24.640567780000026 ] ] ], [ [ [ 67.320549011000082, 24.630842209000036 ], [ 67.314697266000053, 24.583049774000074 ], [ 67.315338135000047, 24.607078552000075 ], [ 67.30463409400005, 24.612150192000058 ], [ 67.293334961000028, 24.58651351900005 ], [ 67.296066284000062, 24.626478195000061 ], [ 67.320549011000082, 24.630842209000036 ] ] ], [ [ [ 67.315422058000081, 24.364734650000059 ], [ 67.330368042000032, 24.384223938000048 ], [ 67.33376312300004, 24.373275757000044 ], [ 67.315422058000081, 24.364734650000059 ] ] ], [ [ [ 67.310028076000037, 24.482902527000078 ], [ 67.329032898000037, 24.492301941000051 ], [ 67.316261292000036, 24.469543457000043 ], [ 67.310028076000037, 24.482902527000078 ] ] ], [ [ [ 67.291107178000061, 24.687482834000036 ], [ 67.320823669000049, 24.669681549000074 ], [ 67.316047668000067, 24.663469315000043 ], [ 67.291107178000061, 24.687482834000036 ] ] ], [ [ [ 67.306198120000033, 24.510330200000055 ], [ 67.302749634000065, 24.470972061000055 ], [ 67.255030521000037, 24.450680089000059 ], [ 67.26754760700004, 24.518638611000029 ], [ 67.306198120000033, 24.510330200000055 ] ] ], [ [ [ 67.301719666000054, 24.59931755100007 ], [ 67.309303284000066, 24.592472076000035 ], [ 67.304931641000053, 24.587526321000041 ], [ 67.301719666000054, 24.59931755100007 ] ] ], [ [ [ 67.307014465000066, 24.643960953000033 ], [ 67.280181885000047, 24.658306122000056 ], [ 67.298583984000061, 24.666227341000024 ], [ 67.307014465000066, 24.643960953000033 ] ] ], [ [ [ 67.304969788000051, 24.563728333000029 ], [ 67.273223877000078, 24.524883270000032 ], [ 67.236981523000054, 24.523153696000065 ], [ 67.196551, 24.569086 ], [ 67.285797119000051, 24.581041336000055 ], [ 67.304969788000051, 24.563728333000029 ] ] ], [ [ [ 67.176670196000032, 24.670598548000044 ], [ 67.283035278000057, 24.627086639000026 ], [ 67.25616455100004, 24.597166061000053 ], [ 67.220001221000075, 24.638948441000025 ], [ 67.198110927000073, 24.621448077000025 ], [ 67.176670196000032, 24.670598548000044 ] ] ], [ [ [ 67.245666504000042, 24.670299530000023 ], [ 67.18780517600004, 24.694641113000046 ], [ 67.212249756000062, 24.716770172000054 ], [ 67.245666504000042, 24.670299530000023 ] ] ] ] } },
{ "type": "Feature", "properties": { "district_key": "TOBA TEK SINGH DISTRICT", "area_sqkm": 3252, "census_population_2017": 2191495, "u5mr_posterior_mean": 109.561, "u5mr_ci_lower95": 64.219, "u5mr_ci_upper95": 165.277, "u5mr_posterior_sd": 25.892, "province": "Punjab", "had_direct_data": true, "n_births_direct": 403, "ci_width": 101.059, "run_mode": "normal", "model_version": "hazard_v1_censoring_corrected", "population_2017": 2191495, "remoteness_proxy": 0.46, "norm_mortality_risk": 0.409, "norm_uncertainty": 0.26, "norm_geographic_accessibility_proxy": 0.46, "norm_population": 0.195, "priority_score": 0.353, "rank": 23, "relative_uncertainty": 0.922, "literacy_rate_pct": 67.32, "improved_water_pct": 87.93, "improved_sanitation_pct": 36.451, "deprivation_index": 0.305, "under5_share_pct": 12.689, "display_name": "Toba Tek Singh" }, "geometry": { "type": "Polygon", "coordinates": [ [ [ 72.809902262000037, 31.332197050000048 ], [ 72.859811132000061, 31.278374179000025 ], [ 72.77913148500005, 31.196771727000055 ], [ 72.780977132000032, 31.119255179000049 ], [ 72.741319132000058, 31.087335179000036 ], [ 72.822509766000053, 31.067061626000054 ], [ 72.820636132000061, 31.031716179000057 ], [ 72.771730423000065, 30.944520950000026 ], [ 72.705368, 30.88735 ], [ 72.772111, 30.8356 ], [ 72.772111, 30.801261 ], [ 72.740674, 30.785785 ], [ 72.742608, 30.738388 ], [ 72.792424, 30.751446 ], [ 72.839337, 30.728231 ], [ 72.758569, 30.674547 ], [ 72.788071, 30.661005 ], [ 72.762438, 30.600066 ], [ 72.713142248000054, 30.57644971600007 ], [ 72.666193, 30.574433 ], [ 72.664742, 30.590877 ], [ 72.650233, 30.571047 ], [ 72.607672, 30.590393 ], [ 72.600418, 30.575884 ], [ 72.571883, 30.614575 ], [ 72.520133, 30.602001 ], [ 72.526904, 30.581688 ], [ 72.496979855000063, 30.567887992000067 ], [ 72.449154060000069, 30.600681328000064 ], [ 72.36355406000007, 30.558381328000053 ], [ 72.354261, 30.576954 ], [ 72.306598, 30.556416 ], [ 72.301543312000035, 30.526858612000069 ], [ 72.295654060000061, 30.550681328000053 ], [ 72.213554060000035, 30.563781328000061 ], [ 72.197353836000048, 30.544439940000075 ], [ 72.155890910000039, 30.574649960000045 ], [ 72.237538536000045, 30.723076768000055 ], [ 72.356905, 30.720249 ], [ 72.369639, 30.756714 ], [ 72.343592, 30.82617 ], [ 72.317546, 30.808806 ], [ 72.249826, 30.844114 ], [ 72.255035, 30.867266 ], [ 72.33491, 30.911834 ], [ 72.385845, 31.022965 ], [ 72.437938, 31.051905 ], [ 72.441411, 31.109207 ], [ 72.490191132000064, 31.125750179000079 ], [ 72.491188, 31.213393 ], [ 72.575275132000058, 31.24614217900006 ], [ 72.689300132000028, 31.234565179000072 ], [ 72.809902262000037, 31.332197050000048 ] ] ] } },
{ "type": "Feature", "properties": { "district_key": "TORGHAR DISTRICT", "area_sqkm": 454, "census_population_2017": 171349, "u5mr_posterior_mean": 56.381, "u5mr_ci_lower95": 12.579, "u5mr_ci_upper95": 151.691, "u5mr_posterior_sd": 36.513, "province": "Khyber Pakhtunkhwa", "had_direct_data": true, "n_births_direct": 192, "ci_width": 139.112, "run_mode": "normal", "model_version": "hazard_v1_censoring_corrected", "population_2017": 171349, "remoteness_proxy": 0.524, "norm_mortality_risk": 0.181, "norm_uncertainty": 0.4, "norm_geographic_accessibility_proxy": 0.524, "norm_population": 0.013, "priority_score": 0.298, "rank": 39, "relative_uncertainty": 2.467, "literacy_rate_pct": 23.857, "improved_water_pct": 32.377, "improved_sanitation_pct": 7.252, "deprivation_index": 0.837, "under5_share_pct": 17.152, "display_name": "Torghar" }, "geometry": { "type": "Polygon", "coordinates": [ [ [ 72.901609982000082, 34.765974883000069 ], [ 72.899999, 34.626591 ], [ 72.938881, 34.558469 ], [ 72.871117231000085, 34.449828645000025 ], [ 72.842414203000033, 34.454045299000029 ], [ 72.817112, 34.421704 ], [ 72.865033650000044, 34.324303850000035 ], [ 72.82543, 34.354927 ], [ 72.744796938000036, 34.354858125000078 ], [ 72.749752, 34.418408 ], [ 72.717042, 34.45389 ], [ 72.770543, 34.474958 ], [ 72.731457, 34.537053 ], [ 72.819609, 34.563942 ], [ 72.77775, 34.617443 ], [ 72.805194, 34.652648 ], [ 72.818776, 34.750503 ], [ 72.901609982000082, 34.765974883000069 ] ] ] } },
{ "type": "Feature", "properties": { "district_key": "UMER KOT DISTRICT", "area_sqkm": 5608, "census_population_2017": 1073469, "u5mr_posterior_mean": 30.063, "u5mr_ci_lower95": 6.661, "u5mr_ci_upper95": 76.45, "u5mr_posterior_sd": 18.322, "province": "Sindh", "had_direct_data": true, "n_births_direct": 245, "ci_width": 69.789, "run_mode": "normal", "model_version": "hazard_v1_censoring_corrected", "population_2017": 1073469, "remoteness_proxy": 0.599, "norm_mortality_risk": 0.068, "norm_uncertainty": 0.145, "norm_geographic_accessibility_proxy": 0.599, "norm_population": 0.094, "priority_score": 0.2, "rank": 95, "relative_uncertainty": 2.321, "literacy_rate_pct": 35.073, "improved_water_pct": 33.236, "improved_sanitation_pct": 10.85, "deprivation_index": 0.641, "under5_share_pct": 17.088, "display_name": "Umer Kot" }, "geometry": { "type": "Polygon", "coordinates": [ [ [ 70.222326641000052, 25.794536869000069 ], [ 70.264159985000049, 25.720831816000043 ], [ 70.16209, 25.660748 ], [ 70.125744, 25.590652 ], [ 70.226344, 25.595844 ], [ 70.172474, 25.533537 ], [ 70.248411, 25.562095 ], [ 70.284757, 25.552359 ], [ 70.282161, 25.495893 ], [ 70.230887, 25.434884 ], [ 70.252954, 25.403731 ], [ 70.286704, 25.425798 ], [ 70.32954, 25.403731 ], [ 70.275671, 25.357649 ], [ 70.30293, 25.343371 ], [ 70.294493, 25.247314 ], [ 70.253604, 25.220054 ], [ 70.226993, 25.238876 ], [ 70.111465, 25.20318 ], [ 70.003726, 25.200584 ], [ 69.884953, 25.242122 ], [ 69.6857, 25.151906 ], [ 69.741517, 25.104527 ], [ 69.740219, 25.005874 ], [ 69.707767, 24.998734 ], [ 69.62534, 25.039623 ], [ 69.476475, 24.886288 ], [ 69.464779, 24.985049 ], [ 69.400455, 25.057821 ], [ 69.364069, 25.296276 ], [ 69.304943, 25.367748 ], [ 69.269857, 25.369697 ], [ 69.273755, 25.400235 ], [ 69.182791, 25.456113 ], [ 69.170446, 25.558772 ], [ 69.299745, 25.549026 ], [ 69.335481, 25.570468 ], [ 69.447886, 25.543828 ], [ 69.534302, 25.571117 ], [ 69.561591, 25.56527 ], [ 69.575885, 25.502245 ], [ 69.629164, 25.492498 ], [ 69.636311, 25.517838 ], [ 69.670098, 25.51264 ], [ 69.723377, 25.547727 ], [ 69.79095, 25.653635 ], [ 69.86827, 25.693269 ], [ 69.930645, 25.760193 ], [ 69.991071, 25.725756 ], [ 70.222326641000052, 25.794536869000069 ] ] ] } },
{ "type": "Feature", "properties": { "district_key": "UPPER DIR DISTRICT", "area_sqkm": 3699, "census_population_2017": 947401, "u5mr_posterior_mean": 45.214, "u5mr_ci_lower95": 13.161, "u5mr_ci_upper95": 102.711, "u5mr_posterior_sd": 23.329, "province": "Khyber Pakhtunkhwa", "had_direct_data": true, "n_births_direct": 348, "ci_width": 89.55, "run_mode": "normal", "model_version": "hazard_v1_censoring_corrected", "population_2017": 947401, "remoteness_proxy": 0.567, "norm_mortality_risk": 0.133, "norm_uncertainty": 0.218, "norm_geographic_accessibility_proxy": 0.567, "norm_population": 0.083, "priority_score": 0.24, "rank": 73, "relative_uncertainty": 1.981, "literacy_rate_pct": 46.094, "improved_water_pct": 54.182, "improved_sanitation_pct": 34.002, "deprivation_index": 0.757, "under5_share_pct": 18.918, "display_name": "Upper Dir" }, "geometry": { "type": "MultiPolygon", "coordinates": [ [ [ [ 72.124564568000039, 35.780040865000046 ], [ 72.188417437000055, 35.757984605000047 ], [ 72.291311740000083, 35.771245627000042 ], [ 72.259649, 35.673881 ], [ 72.210029, 35.622321 ], [ 72.333664, 35.523357 ], [ 72.371641, 35.46154 ], [ 72.351682, 35.405821 ], [ 72.364434, 35.365072 ], [ 72.315645, 35.335688 ], [ 72.284321, 35.264168 ], [ 72.328119500000071, 35.196807 ], [ 72.198923405000073, 35.11362676400006 ], [ 72.213092964000055, 35.035383926000065 ], [ 72.179813689000071, 34.996661648000043 ], [ 72.160963, 34.904353 ], [ 72.070386880000058, 34.89514915400008 ], [ 71.999570040000037, 34.973312300000032 ], [ 71.912208947000067, 34.994951306000075 ], [ 71.830255, 35.073727 ], [ 71.727688, 35.027156 ], [ 71.537244, 35.054574 ], [ 71.543795, 35.102017 ], [ 71.635889, 35.153435 ], [ 71.670044533000066, 35.223560034000059 ], [ 71.752082985000072, 35.250029991000076 ], [ 71.795050985000046, 35.350932991000036 ], [ 71.85853198500007, 35.357030991000045 ], [ 71.89345998500005, 35.418847991000064 ], [ 71.881263985000032, 35.45349899100006 ], [ 71.933378985000047, 35.47706099100003 ], [ 71.916469985000049, 35.524462991000064 ], [ 71.935597985000072, 35.567418301000032 ], [ 71.993530299000042, 35.619271101000038 ], [ 72.095266286000083, 35.658079690000079 ], [ 72.111068286000034, 35.690789690000031 ], [ 72.089723286000037, 35.709916690000057 ], [ 72.124564568000039, 35.780040865000046 ] ] ], [ [ [ 71.979204668000079, 34.955500464000067 ], [ 71.979175224000073, 34.955507825000041 ], [ 71.979523791000076, 34.955507825000041 ], [ 71.979204668000079, 34.955500464000067 ] ] ] ] } },
{ "type": "Feature", "properties": { "district_key": "VEHARI DISTRICT", "area_sqkm": 4364, "census_population_2017": 2902081, "u5mr_posterior_mean": 98.245, "u5mr_ci_lower95": 54.503, "u5mr_ci_upper95": 155.703, "u5mr_posterior_sd": 26.245, "province": "Punjab", "had_direct_data": true, "n_births_direct": 339, "ci_width": 101.2, "run_mode": "normal", "model_version": "hazard_v1_censoring_corrected", "population_2017": 2902081, "remoteness_proxy": 0.461, "norm_mortality_risk": 0.36, "norm_uncertainty": 0.26, "norm_geographic_accessibility_proxy": 0.461, "norm_population": 0.259, "priority_score": 0.34, "rank": 26, "relative_uncertainty": 1.03, "literacy_rate_pct": 55.362, "improved_water_pct": 88.405, "improved_sanitation_pct": 38.26, "deprivation_index": 0.549, "under5_share_pct": 13.892, "display_name": "Vehari" }, "geometry": { "type": "Polygon", "coordinates": [ [ [ 72.847290014000066, 30.370186755000077 ], [ 72.852879, 30.312298 ], [ 72.992675781000059, 30.296325684000067 ], [ 72.954528809000067, 30.245117187000062 ], [ 72.932678223000039, 30.084472656000059 ], [ 72.931229, 30.024531 ], [ 72.984497070000032, 30.024475098000039 ], [ 72.968954, 29.965043 ], [ 72.893989, 29.998898 ], [ 72.860134, 29.924417 ], [ 72.83837, 29.967945 ], [ 72.787588, 29.980036 ], [ 72.767275, 29.961657 ], [ 72.77066, 29.892496 ], [ 72.709721, 29.922482 ], [ 72.683604, 29.85574 ], [ 72.655553, 29.870733 ], [ 72.569948, 29.839779 ], [ 72.563661, 29.808343 ], [ 72.512395, 29.843165 ], [ 72.502457691000075, 29.817532 ], [ 72.470318, 29.821401 ], [ 72.460161, 29.848485 ], [ 72.402608, 29.859609 ], [ 72.340702, 29.843165 ], [ 72.310232, 29.803506 ], [ 72.248809, 29.810277 ], [ 72.217373, 29.763848 ], [ 72.244457, 29.708229 ], [ 72.196576, 29.71113 ], [ 72.166107, 29.618755 ], [ 72.137088, 29.596507 ], [ 72.099848, 29.599409 ], [ 72.097913, 29.669537 ], [ 72.061156, 29.653577 ], [ 72.069862, 29.67921 ], [ 71.992962, 29.699523 ], [ 71.991028, 29.729509 ], [ 71.934930098000052, 29.746436 ], [ 71.989093, 29.795768 ], [ 71.887528, 29.857674 ], [ 71.893332, 29.876536 ], [ 71.922351, 29.867347 ], [ 71.885594, 29.889111 ], [ 71.894783, 29.915228 ], [ 71.798538, 29.899751 ], [ 71.758879, 29.918613 ], [ 71.758396, 29.942795 ], [ 71.737599, 29.936508 ], [ 71.773872, 30.022596 ], [ 71.839164, 30.005669 ], [ 71.873019, 30.040491 ], [ 71.880274, 30.023564 ], [ 71.898652, 30.047262 ], [ 71.955722, 30.040975 ], [ 71.999734, 30.09079 ], [ 72.110004, 30.063706 ], [ 72.149654060000046, 30.115981328000032 ], [ 72.193191, 30.116907 ], [ 72.181579015000068, 30.152197061000038 ], [ 72.318454, 30.21025 ], [ 72.398825, 30.2178 ], [ 72.401822, 30.183059 ], [ 72.461326, 30.160454 ], [ 72.524550777000059, 30.261905578000039 ], [ 72.574410863000082, 30.265239848000078 ], [ 72.58770716500004, 30.226686244000064 ], [ 72.678436135000084, 30.32641717100006 ], [ 72.712306, 30.294089 ], [ 72.725293646000068, 30.332737020000025 ], [ 72.780442639000057, 30.325101120000056 ], [ 72.790411467000069, 30.344378384000038 ], [ 72.804032388000053, 30.348035891000052 ], [ 72.796742, 30.328329 ], [ 72.810039, 30.341958 ], [ 72.810014676000037, 30.366979723000043 ], [ 72.847290014000066, 30.370186755000077 ] ] ] } },
{ "type": "Feature", "properties": { "district_key": "WASHUK DISTRICT", "area_sqkm": 33093, "census_population_2017": 175712, "u5mr_posterior_mean": 53.996, "u5mr_ci_lower95": 9.839, "u5mr_ci_upper95": 155.447, "u5mr_posterior_sd": 39.73, "province": "Balochistan", "had_direct_data": true, "n_births_direct": 214, "ci_width": 145.608, "run_mode": "normal", "model_version": "hazard_v1_censoring_corrected", "population_2017": 175712, "remoteness_proxy": 0.977, "norm_mortality_risk": 0.171, "norm_uncertainty": 0.424, "norm_geographic_accessibility_proxy": 0.977, "norm_population": 0.013, "priority_score": 0.392, "rank": 10, "relative_uncertainty": 2.697, "literacy_rate_pct": 23.856, "improved_water_pct": 21.049, "improved_sanitation_pct": 9.098, "deprivation_index": 0.765, "under5_share_pct": 21.003, "display_name": "Washuk" }, "geometry": { "type": "Polygon", "coordinates": [ [ [ 64.745951906000073, 28.674947649000046 ], [ 64.761577898000041, 28.616506682000079 ], [ 64.73920548600006, 28.396724730000074 ], [ 64.840681331000042, 28.253120146000072 ], [ 64.981107940000072, 28.146481577000031 ], [ 65.061853245000066, 28.012181002000034 ], [ 65.277817105000054, 28.056345673000067 ], [ 65.640951, 28.280652 ], [ 65.883417966000081, 28.357925960000046 ], [ 65.826981, 28.228471 ], [ 65.894532, 28.195481 ], [ 65.89139, 28.049383 ], [ 65.954228, 28.052525 ], [ 65.973079, 27.964552 ], [ 65.888122559000067, 27.861877441000047 ], [ 65.796875, 27.802673340000069 ], [ 65.766723633000083, 27.710327148000033 ], [ 65.711914062000062, 27.658325195000032 ], [ 65.689880371000072, 27.58428955100004 ], [ 65.703674316000047, 27.528686523000033 ], [ 65.584608, 27.410161 ], [ 65.566285, 27.299873 ], [ 65.356081, 26.994594 ], [ 65.335683, 26.895024 ], [ 65.249251, 26.907125 ], [ 65.183562, 27.017758 ], [ 65.087795, 27.029513 ], [ 65.051839, 27.150518 ], [ 65.014501, 27.183017 ], [ 64.724088, 27.012227 ], [ 64.672229, 27.005312 ], [ 64.491758, 27.113871 ], [ 64.484843, 27.205489 ], [ 64.413969, 27.299873 ], [ 64.255216, 27.164381 ], [ 64.114398, 27.113175 ], [ 64.121291, 27.038334 ], [ 64.075993, 26.985158 ], [ 64.100612, 27.079694 ], [ 63.997214, 27.085602 ], [ 63.961763, 27.108251 ], [ 63.907603, 27.143702 ], [ 63.895786, 27.188015 ], [ 63.822915, 27.259901 ], [ 63.733304, 27.236267 ], [ 63.602333, 27.241191 ], [ 63.548173, 27.209679 ], [ 63.426065, 27.194908 ], [ 63.250858, 27.206945 ], [ 63.181449, 27.242783 ], [ 63.060324, 27.233257 ], [ 62.947819, 27.19016 ], [ 62.787226, 27.230081 ], [ 62.833952, 27.303118 ], [ 62.809909, 27.337142 ], [ 62.856635, 27.465524 ], [ 62.803403, 27.888377 ], [ 63.129067, 28.157861 ], [ 63.206432, 28.184833 ], [ 63.253277, 28.272844 ], [ 63.708241, 28.291299 ], [ 63.818256, 28.345241 ], [ 63.826773, 28.299106 ], [ 63.901299, 28.368664 ], [ 64.012733, 28.383569 ], [ 64.130556, 28.469451 ], [ 64.279608, 28.497132 ], [ 64.285497863000046, 28.539547174000063 ], [ 64.417303, 28.526943 ], [ 64.493959, 28.610696 ], [ 64.745951906000073, 28.674947649000046 ] ] ] } },
{ "type": "Feature", "properties": { "district_key": "ZHOB DISTRICT", "area_sqkm": 15987, "census_population_2017": 310354, "u5mr_posterior_mean": 247.624, "u5mr_ci_lower95": 117.889, "u5mr_ci_upper95": 420.247, "u5mr_posterior_sd": 78.384, "province": "Balochistan", "had_direct_data": true, "n_births_direct": 269, "ci_width": 302.359, "run_mode": "normal", "model_version": "hazard_v1_censoring_corrected", "population_2017": 310354, "remoteness_proxy": 0.847, "norm_mortality_risk": 1.0, "norm_uncertainty": 1.0, "norm_geographic_accessibility_proxy": 0.847, "norm_population": 0.026, "priority_score": 0.872, "rank": 1, "relative_uncertainty": 1.221, "literacy_rate_pct": 33.435, "improved_water_pct": 39.207, "improved_sanitation_pct": 16.16, "deprivation_index": 0.729, "under5_share_pct": 19.627, "display_name": "Zhob" }, "geometry": { "type": "Polygon", "coordinates": [ [ [ 69.523025, 31.972232 ], [ 69.605119, 31.882077 ], [ 69.621748, 31.82138 ], [ 69.536108, 31.530367 ], [ 69.565209, 31.352434 ], [ 69.737915039000029, 31.307922363000046 ], [ 69.698159, 31.241162 ], [ 69.715829, 31.219672 ], [ 69.699096680000082, 31.107910156000059 ], [ 69.72491455100004, 31.097900391000053 ], [ 69.703918457000043, 31.060729980000076 ], [ 69.732116699000073, 31.032470703000058 ], [ 69.720604, 30.985193 ], [ 69.622228, 30.824258 ], [ 69.539123535000044, 30.751708984000061 ], [ 69.53210449200003, 30.651916504000042 ], [ 69.468456, 30.587391 ], [ 69.476575, 30.536771 ], [ 69.529113770000038, 30.537719727000024 ], [ 69.555480957000043, 30.477111816000047 ], [ 69.400502, 30.55328 ], [ 69.344832, 30.611176 ], [ 69.229039, 30.62231 ], [ 69.212338, 30.676866 ], [ 69.084298, 30.690227 ], [ 69.05868999900008, 30.752577 ], [ 69.254647, 30.836081 ], [ 69.30809, 30.985275 ], [ 69.348172, 30.995296 ], [ 69.379347, 31.059873 ], [ 69.278029, 31.023131 ], [ 69.216792, 31.087707 ], [ 69.103226, 31.142264 ], [ 69.009701, 31.116656 ], [ 68.994114, 31.14115 ], [ 68.938444, 31.109975 ], [ 68.905042, 31.140037 ], [ 68.800384, 31.146717 ], [ 68.743601, 31.097728 ], [ 68.704632, 31.097728 ], [ 68.670117, 31.172325 ], [ 68.684591, 31.2035 ], [ 68.655643, 31.246922 ], [ 68.654529, 31.327087 ], [ 68.582159, 31.353808 ], [ 68.401789, 31.281438 ], [ 68.244801, 31.320406 ], [ 68.022123, 31.492982 ], [ 67.821625, 31.594651 ], [ 67.861456, 31.622142 ], [ 67.963809, 31.634467 ], [ 68.062976, 31.691796 ], [ 68.172912598000039, 31.830871582000043 ], [ 68.187316895000038, 31.80889892600004 ], [ 68.259887695000032, 31.799072266000053 ], [ 68.254699707000043, 31.780090332000043 ], [ 68.298278808000077, 31.75170898500005 ], [ 68.415795, 31.756724 ], [ 68.55692, 31.711212 ], [ 68.581465, 31.748538 ], [ 68.441873, 31.758257 ], [ 68.577428, 31.822585 ], [ 68.636689, 31.774103 ], [ 68.69856, 31.771033 ], [ 68.717174, 31.694216 ], [ 68.778320312000062, 31.659484863000046 ], [ 68.814114, 31.606894 ], [ 68.914845, 31.599222 ], [ 68.952398, 31.643109 ], [ 69.026827, 31.620694 ], [ 69.122756, 31.703389 ], [ 69.199416, 31.845572 ], [ 69.324563, 31.926164 ], [ 69.323253, 31.947131 ], [ 69.523025, 31.972232 ] ] ] } },
{ "type": "Feature", "properties": { "district_key": "ZIARAT DISTRICT", "area_sqkm": 3301, "census_population_2017": 160095, "u5mr_posterior_mean": 66.684, "u5mr_ci_lower95": 10.76, "u5mr_ci_upper95": 216.606, "u5mr_posterior_sd": 56.127, "province": "Balochistan", "had_direct_data": false, "n_births_direct": 0, "ci_width": 205.846, "run_mode": "normal", "model_version": "hazard_v1_censoring_corrected", "population_2017": 160095, "remoteness_proxy": 0.749, "norm_mortality_risk": 0.225, "norm_uncertainty": 0.645, "norm_geographic_accessibility_proxy": 0.749, "norm_population": 0.012, "priority_score": 0.435, "rank": 5, "relative_uncertainty": 3.087, "literacy_rate_pct": 45.361, "improved_water_pct": 15.868, "improved_sanitation_pct": 21.545, "deprivation_index": 0.669, "under5_share_pct": 17.011, "display_name": "Ziarat" }, "geometry": { "type": "Polygon", "coordinates": [ [ [ 67.443799, 30.586272 ], [ 67.528429, 30.516091 ], [ 67.593449, 30.584208 ], [ 67.698721, 30.591433 ], [ 67.784830900000031, 30.49926696700004 ], [ 67.960763, 30.474842 ], [ 68.026718, 30.536086 ], [ 68.211626, 30.530197 ], [ 68.238714, 30.461887 ], [ 68.301135, 30.451287 ], [ 68.342357, 30.375911 ], [ 68.509598, 30.387688 ], [ 68.521376, 30.368844 ], [ 68.484865, 30.342933 ], [ 68.498998, 30.305245 ], [ 68.563775, 30.293468 ], [ 68.57673, 30.278157 ], [ 68.577785880000079, 30.265491900000029 ], [ 68.460098255000048, 30.185214935000033 ], [ 68.303452640000046, 30.160495679000064 ], [ 68.184774, 30.182841 ], [ 68.091084, 30.264465 ], [ 68.008730981000042, 30.27936799400004 ], [ 67.818531, 30.37448 ], [ 67.754624995000029, 30.384367994000058 ], [ 67.744005, 30.325505 ], [ 67.57933836400008, 30.273692 ], [ 67.494865881000067, 30.315535971000031 ], [ 67.437237672000037, 30.305638378000026 ], [ 67.308932655000035, 30.338941070000033 ], [ 67.263186, 30.318965 ], [ 67.194037, 30.369537 ], [ 67.189908, 30.396371 ], [ 67.25875555500005, 30.507526535000068 ], [ 67.363297, 30.578016 ], [ 67.443799, 30.586272 ] ] ] } }
]
}
